p0_chart0__r0000	ZSTD	1	0.5
p0_chart1__r0000	ZSTD	1	0.5
p0_chart2__r0000	ZSTD	1	0.5
p0_chart3__r0000	ZSTD	1	0.5
p0_chart4__r0000	ZSTD	1	0.5
p0_chart5__r0000	ZSTD	1	0.5
p0_chart0__r0009	ZSTD	1	0.5
p0_chart1__r0009	ZSTD	1	0.5
p0_chart2__r0009	ZSTD	1	0.5
p0_chart3__r0009	ZSTD	1	0.6
p0_chart4__r0009	ZSTD	1	0.5
p0_chart5__r0009	ZSTD	1	0.5
p0_chart0__r0027	ZSTD	1	0.5
p0_chart1__r0027	ZSTD	1	0.6
p0_chart2__r0027	ZSTD	1	0.5
p0_chart3__r0027	ZSTD	1	0.6
p0_chart4__r0027	ZSTD	1	0.5
p0_chart5__r0027	ZSTD	1	0.6
p0_chart0__r0081	ZSTD	1	0.5
p0_chart1__r0081	ZSTD	1	0.6
p0_chart2__r0081	ZSTD	1	0.6
p0_chart3__r0081	ZSTD	1	0.5
p0_chart4__r0081	ZSTD	1	0.5
p0_chart5__r0081	ZSTD	1	0.5
p0_chart0__r0001	ZSTD	1	0.6
p0_chart1__r0001	ZSTD	1	0.5
p0_chart2__r0001	ZSTD	1	0.5
p0_chart3__r0001	ZSTD	1	0.5
p0_chart4__r0001	ZSTD	1	0.6
p0_chart5__r0001	ZSTD	1	0.5
p0_chart0__r0003	ZSTD	1	0.5
p0_chart1__r0003	ZSTD	1	0.5
p0_chart2__r0003	ZSTD	1	0.5
p0_chart3__r0003	ZSTD	1	0.5
p0_chart4__r0003	ZSTD	1	0.5
p0_chart5__r0003	ZSTD	1	0.5
p0_chart0__r0243	ZSTD	1	0.5
p0_chart1__r0243	ZSTD	1	0.5
p0_chart2__r0243	ZSTD	1	0.5
p0_chart3__r0243	ZSTD	1	0.6
p0_chart4__r0243	ZSTD	1	0.5
p0_chart5__r0243	ZSTD	1	0.5
p0_chart0__r0036	ZSTD	1	0.5
p0_chart1__r0036	ZSTD	1	0.5
p0_chart2__r0036	ZSTD	1	0.6
p0_chart3__r0036	ZSTD	1	0.5
p0_chart4__r0036	ZSTD	1	0.5
p0_chart5__r0036	ZSTD	1	0.5
p0_chart0__r0090	ZSTD	1	0.6
p0_chart1__r0090	ZSTD	1	0.5
p0_chart2__r0090	ZSTD	1	0.5
p0_chart3__r0090	ZSTD	1	0.5
p0_chart4__r0090	ZSTD	1	0.6
p0_chart5__r0090	ZSTD	1	0.6
p0_chart0__r0010	ZSTD	1	0.6
p0_chart1__r0010	ZSTD	1	0.6
p0_chart2__r0010	ZSTD	1	0.6
p0_chart3__r0010	ZSTD	1	0.6
p0_chart4__r0010	ZSTD	1	0.6
p0_chart5__r0010	ZSTD	1	0.6
p0_chart0__r0012	ZSTD	1	0.6
p0_chart1__r0012	ZSTD	1	0.6
p0_chart2__r0012	ZSTD	1	0.6
p0_chart3__r0012	ZSTD	1	0.5
p0_chart4__r0012	ZSTD	1	0.5
p0_chart5__r0012	ZSTD	1	0.5
p0_chart0__r0108	ZSTD	1	0.5
p0_chart1__r0108	ZSTD	1	0.6
p0_chart2__r0108	ZSTD	1	0.5
p0_chart3__r0108	ZSTD	1	0.5
p0_chart4__r0108	ZSTD	1	0.5
p0_chart5__r0108	ZSTD	1	0.5
p0_chart0__r0028	ZSTD	1	0.6
p0_chart1__r0028	ZSTD	1	0.5
p0_chart2__r0028	ZSTD	1	0.5
p0_chart3__r0028	ZSTD	1	0.6
p0_chart4__r0028	ZSTD	1	0.5
p0_chart5__r0028	ZSTD	1	0.5
p0_chart0__r0082	ZSTD	1	0.5
p0_chart0__r0252	ZSTD	1	0.5
p0_chart1__r0082	ZSTD	1	0.5
p0_chart1__r0252	ZSTD	1	0.5
p0_chart2__r0082	ZSTD	1	0.5
p0_chart2__r0252	ZSTD	1	0.5
p0_chart3__r0082	ZSTD	1	0.5
p0_chart3__r0252	ZSTD	1	0.5
p0_chart4__r0082	ZSTD	1	0.5
p0_chart4__r0252	ZSTD	1	0.5
p0_chart5__r0082	ZSTD	1	0.5
p0_chart5__r0252	ZSTD	1	0.5
p0_chart0__r0030	ZSTD	1	0.5
p0_chart1__r0030	ZSTD	1	0.5
p0_chart2__r0030	ZSTD	1	0.5
p0_chart3__r0030	ZSTD	1	0.5
p0_chart4__r0030	ZSTD	1	0.5
p0_chart5__r0030	ZSTD	1	0.5
p0_chart0__r0084	ZSTD	1	0.5
p0_chart1__r0084	ZSTD	1	0.5
p0_chart2__r0084	ZSTD	1	0.5
p0_chart3__r0084	ZSTD	1	0.5
p0_chart4__r0084	ZSTD	1	0.5
p0_chart5__r0084	ZSTD	1	0.5
p0_chart0__r0004	ZSTD	1	0.5
p0_chart1__r0004	ZSTD	1	0.5
p0_chart2__r0004	ZSTD	1	0.5
p0_chart3__r0004	ZSTD	1	0.5
p0_chart4__r0004	ZSTD	1	0.5
p0_chart5__r0004	ZSTD	1	0.5
p0_chart0__r0270	ZSTD	1	0.5
p0_chart1__r0270	ZSTD	1	0.5
p0_chart2__r0270	ZSTD	1	0.5
p0_chart3__r0270	ZSTD	1	0.5
p0_chart4__r0270	ZSTD	1	0.5
p0_chart5__r0270	ZSTD	1	0.5
p0_chart0__r0324	ZSTD	1	0.5
p0_chart1__r0324	ZSTD	1	0.5
p0_chart2__r0324	ZSTD	1	0.5
p0_chart3__r0324	ZSTD	1	0.5
p0_chart4__r0324	ZSTD	1	0.5
p0_chart5__r0324	ZSTD	1	0.5
p0_chart0__r0244	ZSTD	1	0.5
p0_chart1__r0244	ZSTD	1	0.5
p0_chart2__r0244	ZSTD	1	0.5
p0_chart3__r0244	ZSTD	1	0.5
p0_chart4__r0244	ZSTD	1	0.5
p0_chart5__r0244	ZSTD	1	0.5
p0_chart0__r0246	ZSTD	1	0.5
p0_chart1__r0246	ZSTD	1	0.5
p0_chart2__r0246	ZSTD	1	0.5
p0_chart3__r0246	ZSTD	1	0.5
p0_chart4__r0246	ZSTD	1	0.5
p0_chart5__r0246	ZSTD	1	0.5
p0_chart0__r0117	ZSTD	1	0.5
p0_chart1__r0117	ZSTD	1	0.6
p0_chart2__r0117	ZSTD	1	0.5
p0_chart3__r0117	ZSTD	1	0.5
p0_chart4__r0117	ZSTD	1	0.5
p0_chart5__r0117	ZSTD	1	0.5
p0_chart0__r0037	ZSTD	1	0.5
p0_chart1__r0037	ZSTD	1	0.5
p0_chart2__r0037	ZSTD	1	0.5
p0_chart3__r0037	ZSTD	1	0.5
p0_chart4__r0037	ZSTD	1	0.5
p0_chart5__r0037	ZSTD	1	0.5
p0_chart0__r0091	ZSTD	1	0.5
p0_chart1__r0091	ZSTD	1	0.5
p0_chart2__r0091	ZSTD	1	0.5
p0_chart3__r0091	ZSTD	1	0.5
p0_chart4__r0091	ZSTD	1	0.6
p0_chart5__r0091	ZSTD	1	0.5
p0_chart0__r0039	ZSTD	1	0.5
p0_chart1__r0039	ZSTD	1	0.5
p0_chart2__r0039	ZSTD	1	0.5
p0_chart3__r0039	ZSTD	1	0.5
p0_chart4__r0039	ZSTD	1	0.5
p0_chart5__r0039	ZSTD	1	0.5
p0_chart0__r0093	ZSTD	1	0.5
p0_chart1__r0093	ZSTD	1	0.5
p0_chart2__r0093	ZSTD	1	0.5
p0_chart3__r0093	ZSTD	1	0.5
p0_chart4__r0093	ZSTD	1	0.5
p0_chart5__r0093	ZSTD	1	0.5
p0_chart0__r0013	ZSTD	1	0.5
p0_chart1__r0013	ZSTD	1	0.5
p0_chart2__r0013	ZSTD	1	0.5
p0_chart3__r0013	ZSTD	1	0.5
p0_chart4__r0013	ZSTD	1	0.5
p0_chart5__r0013	ZSTD	1	0.6
p0_chart0__r0109	ZSTD	1	0.6
p0_chart0__r0279	ZSTD	1	0.6
p0_chart1__r0109	ZSTD	1	0.5
p0_chart1__r0279	ZSTD	1	0.6
p0_chart2__r0109	ZSTD	1	0.6
p0_chart2__r0279	ZSTD	1	0.6
p0_chart3__r0109	ZSTD	1	0.6
p0_chart3__r0279	ZSTD	1	0.6
p0_chart4__r0109	ZSTD	1	0.6
p0_chart4__r0279	ZSTD	1	0.6
p0_chart5__r0109	ZSTD	1	0.6
p0_chart5__r0279	ZSTD	1	0.6
p0_chart0__r0333	ZSTD	1	0.6
p0_chart1__r0333	ZSTD	1	0.6
p0_chart2__r0333	ZSTD	1	0.6
p0_chart3__r0333	ZSTD	1	0.6
p0_chart4__r0333	ZSTD	1	3.7
p0_chart5__r0333	ZSTD	1	0.6
p0_chart0__r0111	ZSTD	1	0.6
p0_chart1__r0111	ZSTD	1	1.6
p0_chart2__r0111	ZSTD	1	1.6
p0_chart3__r0111	ZSTD	1	0.6
p0_chart4__r0111	ZSTD	1	0.6
p0_chart5__r0111	ZSTD	1	0.6
p0_chart0__r0253	ZSTD	1	0.6
p0_chart1__r0253	ZSTD	1	0.6
p0_chart2__r0253	ZSTD	1	0.6
p0_chart3__r0253	ZSTD	1	0.5
p0_chart4__r0253	ZSTD	1	0.6
p0_chart5__r0253	ZSTD	1	0.6
p0_chart0__r0031	ZSTD	1	0.5
p0_chart1__r0031	ZSTD	1	0.6
p0_chart2__r0031	ZSTD	1	0.5
p0_chart3__r0031	ZSTD	1	0.6
p0_chart4__r0031	ZSTD	1	0.6
p0_chart5__r0031	ZSTD	1	0.6
p0_chart0__r0085	ZSTD	1	0.6
p0_chart0__r0255	ZSTD	1	0.5
p0_chart1__r0085	ZSTD	1	0.6
p0_chart1__r0255	ZSTD	1	0.6
p0_chart2__r0085	ZSTD	1	0.6
p0_chart2__r0255	ZSTD	1	0.6
p0_chart3__r0085	ZSTD	1	0.6
p0_chart3__r0255	ZSTD	1	0.6
p0_chart4__r0085	ZSTD	1	0.6
p0_chart4__r0255	ZSTD	1	0.6
p0_chart5__r0085	ZSTD	1	0.6
p0_chart5__r0255	ZSTD	1	0.5
p0_chart0__r0351	ZSTD	1	0.6
p0_chart1__r0351	ZSTD	1	0.6
p0_chart2__r0351	ZSTD	1	0.6
p0_chart3__r0351	ZSTD	1	0.6
p0_chart4__r0351	ZSTD	1	0.5
p0_chart5__r0351	ZSTD	1	0.6
p0_chart0__r0271	ZSTD	1	0.6
p0_chart1__r0271	ZSTD	1	0.6
p0_chart2__r0271	ZSTD	1	0.6
p0_chart3__r0271	ZSTD	1	0.6
p0_chart4__r0271	ZSTD	1	0.6
p0_chart5__r0271	ZSTD	1	0.6
p0_chart0__r0325	ZSTD	1	0.6
p0_chart1__r0325	ZSTD	1	0.6
p0_chart2__r0325	ZSTD	1	0.6
p0_chart3__r0325	ZSTD	1	0.6
p0_chart4__r0325	ZSTD	1	0.6
p0_chart5__r0325	ZSTD	1	0.6
p0_chart0__r0273	ZSTD	1	0.6
p0_chart1__r0273	ZSTD	1	0.6
p0_chart2__r0273	ZSTD	1	0.6
p0_chart3__r0273	ZSTD	1	0.6
p0_chart4__r0273	ZSTD	1	0.6
p0_chart5__r0273	ZSTD	1	0.6
p0_chart0__r0327	ZSTD	1	0.6
p0_chart1__r0327	ZSTD	1	0.6
p0_chart2__r0327	ZSTD	1	0.5
p0_chart3__r0327	ZSTD	1	0.6
p0_chart4__r0327	ZSTD	1	0.5
p0_chart5__r0327	ZSTD	1	0.6
p0_chart0__r0247	ZSTD	1	0.6
p0_chart1__r0247	ZSTD	1	0.6
p0_chart2__r0247	ZSTD	1	0.6
p0_chart3__r0247	ZSTD	1	0.5
p0_chart4__r0247	ZSTD	1	0.6
p0_chart5__r0247	ZSTD	1	0.6
p0_chart0__r0118	ZSTD	1	0.6
p0_chart1__r0118	ZSTD	1	0.5
p0_chart2__r0118	ZSTD	1	0.5
p0_chart3__r0118	ZSTD	1	0.6
p0_chart4__r0118	ZSTD	1	0.6
p0_chart5__r0118	ZSTD	1	0.6
p0_chart0__r0120	ZSTD	1	0.6
p0_chart1__r0120	ZSTD	1	0.6
p0_chart2__r0120	ZSTD	1	0.6
p0_chart3__r0120	ZSTD	1	0.5
p0_chart4__r0120	ZSTD	1	0.6
p0_chart5__r0120	ZSTD	1	0.6
p0_chart0__r0040	ZSTD	1	0.6
p0_chart1__r0040	ZSTD	1	0.6
p0_chart2__r0040	ZSTD	1	0.6
p0_chart3__r0040	ZSTD	1	0.6
p0_chart4__r0040	ZSTD	1	0.5
p0_chart5__r0040	ZSTD	1	0.6
p0_chart0__r0094	ZSTD	1	0.6
p0_chart1__r0094	ZSTD	1	0.6
p0_chart2__r0094	ZSTD	1	0.5
p0_chart3__r0094	ZSTD	1	0.6
p0_chart4__r0094	ZSTD	1	0.6
p0_chart5__r0094	ZSTD	1	0.5
p0_chart0__r0360	ZSTD	1	0.6
p0_chart1__r0360	ZSTD	1	0.6
p0_chart2__r0360	ZSTD	1	0.6
p0_chart3__r0360	ZSTD	1	0.6
p0_chart4__r0360	ZSTD	1	0.6
p0_chart5__r0360	ZSTD	1	0.6
p0_chart0__r0280	ZSTD	1	0.6
p0_chart1__r0280	ZSTD	1	0.6
p0_chart2__r0280	ZSTD	1	0.6
p0_chart3__r0280	ZSTD	1	0.6
p0_chart4__r0280	ZSTD	1	0.6
p0_chart5__r0280	ZSTD	1	0.6
p0_chart0__r0334	ZSTD	1	0.5
p0_chart1__r0334	ZSTD	1	0.6
p0_chart2__r0334	ZSTD	1	0.6
p0_chart3__r0334	ZSTD	1	0.6
p0_chart4__r0334	ZSTD	1	3.7
p0_chart5__r0334	ZSTD	1	0.6
p0_chart0__r0112	ZSTD	1	0.6
p0_chart0__r0282	ZSTD	1	0.6
p0_chart1__r0112	ZSTD	1	1.6
p0_chart1__r0282	ZSTD	1	0.6
p0_chart2__r0112	ZSTD	1	1.6
p0_chart2__r0282	ZSTD	1	0.5
p0_chart3__r0112	ZSTD	1	0.6
p0_chart3__r0282	ZSTD	1	0.6
p0_chart4__r0112	ZSTD	1	0.6
p0_chart4__r0282	ZSTD	1	0.5
p0_chart5__r0112	ZSTD	1	0.6
p0_chart5__r0282	ZSTD	1	0.6
p0_chart0__r0336	ZSTD	1	0.6
p0_chart1__r0336	ZSTD	1	0.5
p0_chart2__r0336	ZSTD	1	0.6
p0_chart3__r0336	ZSTD	1	0.6
p0_chart4__r0336	ZSTD	1	0.6
p0_chart5__r0336	ZSTD	1	0.6
p0_chart0__r0256	ZSTD	1	0.6
p0_chart1__r0256	ZSTD	1	0.6
p0_chart2__r0256	ZSTD	1	0.5
p0_chart3__r0256	ZSTD	1	0.6
p0_chart4__r0256	ZSTD	1	0.6
p0_chart5__r0256	ZSTD	1	0.6
p0_chart0__r0352	ZSTD	1	0.6
p0_chart1__r0352	ZSTD	1	0.6
p0_chart2__r0352	ZSTD	1	0.6
p0_chart3__r0352	ZSTD	1	0.6
p0_chart4__r0352	ZSTD	1	0.6
p0_chart5__r0352	ZSTD	1	0.6
p0_chart0__r0354	ZSTD	1	0.6
p0_chart1__r0354	ZSTD	1	0.5
p0_chart2__r0354	ZSTD	1	0.6
p0_chart3__r0354	ZSTD	1	0.6
p0_chart4__r0354	ZSTD	1	0.6
p0_chart5__r0354	ZSTD	1	0.6
p0_chart0__r0274	ZSTD	1	0.6
p0_chart1__r0274	ZSTD	1	0.6
p0_chart2__r0274	ZSTD	1	0.6
p0_chart3__r0274	ZSTD	1	0.6
p0_chart4__r0274	ZSTD	1	0.5
p0_chart5__r0274	ZSTD	1	0.6
p0_chart0__r0328	ZSTD	1	0.6
p0_chart1__r0328	ZSTD	1	0.6
p0_chart2__r0328	ZSTD	1	0.6
p0_chart3__r0328	ZSTD	1	0.6
p0_chart4__r0328	ZSTD	1	0.6
p0_chart5__r0328	ZSTD	1	0.6
p0_chart0__r0121	ZSTD	1	0.6
p0_chart1__r0121	ZSTD	1	0.6
p0_chart2__r0121	ZSTD	1	0.6
p0_chart3__r0121	ZSTD	1	0.5
p0_chart4__r0121	ZSTD	1	0.6
p0_chart5__r0121	ZSTD	1	0.6
p0_chart0__r0361	ZSTD	1	0.6
p0_chart1__r0361	ZSTD	1	0.6
p0_chart2__r0361	ZSTD	1	0.6
p0_chart3__r0361	ZSTD	1	0.6
p0_chart4__r0361	ZSTD	1	0.6
p0_chart5__r0361	ZSTD	1	0.6
p0_chart0__r0363	ZSTD	1	0.6
p0_chart1__r0363	ZSTD	1	0.6
p0_chart2__r0363	ZSTD	1	0.6
p0_chart3__r0363	ZSTD	1	0.6
p0_chart4__r0363	ZSTD	1	0.6
p0_chart5__r0363	ZSTD	1	0.5
p0_chart0__r0283	ZSTD	1	0.6
p0_chart1__r0283	ZSTD	1	0.6
p0_chart2__r0283	ZSTD	1	0.5
p0_chart3__r0283	ZSTD	1	0.6
p0_chart4__r0283	ZSTD	1	0.6
p0_chart5__r0283	ZSTD	1	0.6
p0_chart0__r0337	ZSTD	1	0.6
p0_chart1__r0337	ZSTD	1	0.5
p0_chart2__r0337	ZSTD	1	0.5
p0_chart3__r0337	ZSTD	1	0.6
p0_chart4__r0337	ZSTD	1	0.6
p0_chart5__r0337	ZSTD	1	0.5
p0_chart0__r0355	ZSTD	1	0.6
p0_chart1__r0355	ZSTD	1	0.5
p0_chart2__r0355	ZSTD	1	0.5
p0_chart3__r0355	ZSTD	1	0.5
p0_chart4__r0355	ZSTD	1	0.6
p0_chart5__r0355	ZSTD	1	0.6
p0_chart0__r0364	ZSTD	1	0.6
p0_chart1__r0364	ZSTD	1	0.6
p0_chart2__r0364	ZSTD	1	0.6
p0_chart3__r0364	ZSTD	1	0.5
p0_chart4__r0364	ZSTD	1	0.6
p0_chart5__r0364	ZSTD	1	0.6
p0_chart0__r0018	ZSTD	1	0.6
p0_chart1__r0018	ZSTD	1	0.6
p0_chart2__r0018	ZSTD	1	0.5
p0_chart3__r0018	ZSTD	1	0.6
p0_chart4__r0018	ZSTD	1	0.6
p0_chart5__r0018	ZSTD	1	0.6
p0_chart0__r0054	ZSTD	1	0.6
p0_chart3__r0054	ZSTD	1	0.6
p0_chart4__r0054	ZSTD	1	0.6
p0_chart0__r0162	ZSTD	1	0.6
p0_chart3__r0162	ZSTD	1	0.6
p0_chart4__r0162	ZSTD	1	0.6
p0_chart0__r0002	ZSTD	1	0.5
p0_chart1__r0002	ZSTD	1	0.6
p0_chart2__r0002	ZSTD	1	0.6
p0_chart0__r0006	ZSTD	1	0.6
p0_chart1__r0006	ZSTD	1	0.6
p0_chart2__r0006	ZSTD	1	0.6
p0_chart5__r0486	ZSTD	1	0.5
p0_chart0__r0045	ZSTD	1	0.6
p0_chart1__r0045	ZSTD	1	0.6
p0_chart2__r0045	ZSTD	1	0.6
p0_chart3__r0045	ZSTD	1	0.6
p0_chart4__r0045	ZSTD	1	0.6
p0_chart5__r0045	ZSTD	1	0.6
p0_chart0__r0099	ZSTD	1	0.6
p0_chart1__r0099	ZSTD	1	0.6
p0_chart2__r0099	ZSTD	1	0.6
p0_chart3__r0099	ZSTD	1	0.6
p0_chart4__r0099	ZSTD	1	0.6
p0_chart5__r0099	ZSTD	1	0.6
p0_chart0__r0019	ZSTD	1	0.6
p0_chart1__r0019	ZSTD	1	0.6
p0_chart2__r0019	ZSTD	1	0.6
p0_chart3__r0019	ZSTD	1	0.5
p0_chart4__r0019	ZSTD	1	0.6
p0_chart5__r0019	ZSTD	1	0.6
p0_chart0__r0021	ZSTD	1	0.6
p0_chart1__r0021	ZSTD	1	0.6
p0_chart2__r0021	ZSTD	1	0.6
p0_chart3__r0021	ZSTD	1	0.6
p0_chart4__r0021	ZSTD	1	0.6
p0_chart5__r0021	ZSTD	1	0.6
p0_chart0__r0063	ZSTD	1	0.6
p0_chart1__r0063	ZSTD	2	0.6
p0_chart2__r0063	ZSTD	2	0.6
p0_chart3__r0063	ZSTD	1	0.6
p0_chart4__r0063	ZSTD	1	0.6
p0_chart5__r0063	ZSTD	2	0.6
p0_chart0__r0171	ZSTD	1	0.6
p0_chart1__r0171	ZSTD	2	0.6
p0_chart2__r0171	ZSTD	2	0.6
p0_chart3__r0171	ZSTD	1	0.6
p0_chart4__r0171	ZSTD	1	0.6
p0_chart5__r0171	ZSTD	2	0.6
p0_chart0__r0261	ZSTD	1	0.6
p0_chart1__r0261	ZSTD	1	0.6
p0_chart2__r0261	ZSTD	1	0.6
p0_chart3__r0261	ZSTD	1	0.6
p0_chart4__r0261	ZSTD	1	0.6
p0_chart5__r0261	ZSTD	1	0.6
p0_chart0__r0011	ZSTD	1	0.6
p0_chart1__r0011	ZSTD	1	0.6
p0_chart2__r0011	ZSTD	1	0.6
p0_chart3__r0011	ZSTD	2	0.6
p0_chart4__r0011	ZSTD	2	0.6
p0_chart5__r0011	ZSTD	2	0.6
p0_chart0__r0015	ZSTD	1	0.6
p0_chart1__r0015	ZSTD	1	0.6
p0_chart2__r0015	ZSTD	1	0.6
p0_chart3__r0015	ZSTD	2	0.6
p0_chart4__r0015	ZSTD	2	0.6
p0_chart5__r0015	ZSTD	2	0.6
p0_chart0__r0135	ZSTD	1	0.6
p0_chart1__r0135	ZSTD	2	0.6
p0_chart2__r0135	ZSTD	2	0.5
p0_chart3__r0135	ZSTD	1	0.6
p0_chart4__r0135	ZSTD	1	0.6
p0_chart5__r0135	ZSTD	2	0.6
p0_chart0__r0189	ZSTD	1	0.6
p0_chart1__r0189	ZSTD	2	0.6
p0_chart2__r0189	ZSTD	2	0.6
p0_chart3__r0189	ZSTD	1	0.6
p0_chart4__r0189	ZSTD	1	0.6
p0_chart5__r0189	ZSTD	2	0.6
p0_chart0__r0055	ZSTD	1	0.6
p0_chart1__r0055	ZSTD	2	0.6
p0_chart2__r0055	ZSTD	2	0.6
p0_chart3__r0055	ZSTD	1	0.6
p0_chart4__r0055	ZSTD	1	0.6
p0_chart5__r0055	ZSTD	2	0.6
p0_chart0__r0057	ZSTD	1	0.6
p0_chart1__r0057	ZSTD	2	0.6
p0_chart2__r0057	ZSTD	2	0.6
p0_chart3__r0057	ZSTD	1	0.6
p0_chart4__r0057	ZSTD	1	0.6
p0_chart5__r0057	ZSTD	2	0.6
p0_chart0__r0163	ZSTD	1	0.6
p0_chart1__r0163	ZSTD	2	0.6
p0_chart2__r0163	ZSTD	2	0.6
p0_chart3__r0163	ZSTD	1	0.6
p0_chart4__r0163	ZSTD	1	0.6
p0_chart5__r0163	ZSTD	2	0.6
p0_chart0__r0165	ZSTD	1	0.6
p0_chart1__r0165	ZSTD	2	0.6
p0_chart2__r0165	ZSTD	2	0.6
p0_chart3__r0165	ZSTD	1	0.6
p0_chart4__r0165	ZSTD	1	0.6
p0_chart5__r0165	ZSTD	2	0.6
p0_chart0__r0029	ZSTD	1	0.6
p0_chart1__r0029	ZSTD	1	0.6
p0_chart2__r0029	ZSTD	1	0.6
p0_chart3__r0029	ZSTD	2	0.6
p0_chart4__r0029	ZSTD	2	0.6
p0_chart5__r0029	ZSTD	2	0.6
p0_chart0__r0083	ZSTD	1	0.6
p0_chart1__r0083	ZSTD	1	0.6
p0_chart2__r0083	ZSTD	1	0.6
p0_chart3__r0083	ZSTD	2	0.6
p0_chart4__r0083	ZSTD	2	0.6
p0_chart5__r0083	ZSTD	2	0.6
p0_chart0__r0033	ZSTD	1	0.6
p0_chart1__r0033	ZSTD	1	0.6
p0_chart2__r0033	ZSTD	1	0.6
p0_chart3__r0033	ZSTD	2	0.6
p0_chart4__r0033	ZSTD	2	0.6
p0_chart5__r0033	ZSTD	2	0.6
p0_chart0__r0087	ZSTD	1	0.6
p0_chart1__r0087	ZSTD	1	0.6
p0_chart2__r0087	ZSTD	1	0.6
p0_chart3__r0087	ZSTD	2	0.6
p0_chart4__r0087	ZSTD	2	0.6
p0_chart5__r0087	ZSTD	2	0.6
p0_chart0__r0007	ZSTD	1	0.6
p0_chart1__r0007	ZSTD	1	0.6
p0_chart2__r0007	ZSTD	1	0.6
p0_chart3__r0007	ZSTD	2	0.6
p0_chart4__r0007	ZSTD	2	0.6
p0_chart5__r0007	ZSTD	2	0.6
p0_chart0__r0005	ZSTD	1	0.6
p0_chart1__r0005	ZSTD	1	0.6
p0_chart2__r0005	ZSTD	1	0.6
p0_chart3__r0005	ZSTD	2	0.6
p0_chart4__r0005	ZSTD	2	0.6
p0_chart5__r0005	ZSTD	2	0.6
p0_chart0__r0297	ZSTD	1	0.6
p0_chart1__r0297	ZSTD	2	0.6
p0_chart2__r0297	ZSTD	2	0.6
p0_chart3__r0297	ZSTD	1	0.6
p0_chart4__r0297	ZSTD	1	0.6
p0_chart5__r0297	ZSTD	2	0.6
p0_chart0__r0405	ZSTD	1	0.6
p0_chart0__r0495	ZSTD	2	0.6
p0_chart1__r0405	ZSTD	2	0.6
p0_chart1__r0495	ZSTD	2	0.6
p0_chart2__r0405	ZSTD	2	0.6
p0_chart2__r0495	ZSTD	2	0.6
p0_chart3__r0405	ZSTD	1	0.6
p0_chart3__r0495	ZSTD	2	0.6
p0_chart4__r0405	ZSTD	1	0.6
p0_chart4__r0495	ZSTD	2	0.6
p0_chart5__r0405	ZSTD	2	0.6
p0_chart5__r0495	ZSTD	1	0.6
p0_chart0__r0245	ZSTD	1	0.6
p0_chart1__r0245	ZSTD	1	0.6
p0_chart2__r0245	ZSTD	1	0.6
p0_chart3__r0245	ZSTD	2	0.6
p0_chart4__r0245	ZSTD	2	0.6
p0_chart5__r0245	ZSTD	2	0.6
p0_chart0__r0249	ZSTD	1	0.6
p0_chart1__r0249	ZSTD	1	0.6
p0_chart2__r0249	ZSTD	1	0.6
p0_chart3__r0249	ZSTD	2	0.6
p0_chart4__r0249	ZSTD	2	0.6
p0_chart5__r0249	ZSTD	2	0.6
p0_chart0__r0513	ZSTD	2	0.6
p0_chart1__r0513	ZSTD	2	0.7
p0_chart2__r0513	ZSTD	2	0.6
p0_chart3__r0513	ZSTD	2	0.6
p0_chart4__r0513	ZSTD	2	0.6
p0_chart5__r0513	ZSTD	1	0.6
p0_chart0__r0567	ZSTD	2	0.6
p0_chart1__r0567	ZSTD	2	0.6
p0_chart2__r0567	ZSTD	2	0.6
p0_chart3__r0567	ZSTD	2	0.6
p0_chart4__r0567	ZSTD	2	0.6
p0_chart5__r0567	ZSTD	1	0.5
p0_chart0__r0487	ZSTD	2	0.6
p0_chart1__r0487	ZSTD	2	0.6
p0_chart2__r0487	ZSTD	2	0.5
p0_chart3__r0487	ZSTD	2	0.6
p0_chart4__r0487	ZSTD	2	0.6
p0_chart5__r0487	ZSTD	1	0.6
p0_chart0__r0489	ZSTD	2	0.6
p0_chart1__r0489	ZSTD	2	0.6
p0_chart2__r0489	ZSTD	2	0.6
p0_chart3__r0489	ZSTD	2	0.6
p0_chart4__r0489	ZSTD	2	0.6
p0_chart5__r0489	ZSTD	1	0.6
p0_chart0__r0126	ZSTD	1	0.6
p0_chart1__r0126	ZSTD	1	0.6
p0_chart2__r0126	ZSTD	1	0.6
p0_chart3__r0126	ZSTD	1	0.6
p0_chart4__r0126	ZSTD	1	0.5
p0_chart5__r0126	ZSTD	1	0.6
p0_chart0__r0046	ZSTD	1	0.6
p0_chart1__r0046	ZSTD	1	0.6
p0_chart2__r0046	ZSTD	1	0.6
p0_chart3__r0046	ZSTD	1	0.6
p0_chart4__r0046	ZSTD	1	0.6
p0_chart5__r0046	ZSTD	1	0.6
p0_chart0__r0100	ZSTD	1	0.6
p0_chart1__r0100	ZSTD	1	0.6
p0_chart2__r0100	ZSTD	1	0.6
p0_chart3__r0100	ZSTD	1	0.6
p0_chart4__r0100	ZSTD	1	0.6
p0_chart5__r0100	ZSTD	1	0.6
p0_chart0__r0048	ZSTD	1	0.6
p0_chart1__r0048	ZSTD	1	0.6
p0_chart2__r0048	ZSTD	1	0.6
p0_chart3__r0048	ZSTD	1	0.6
p0_chart4__r0048	ZSTD	1	0.6
p0_chart5__r0048	ZSTD	1	0.6
p0_chart0__r0102	ZSTD	1	0.6
p0_chart1__r0102	ZSTD	1	0.6
p0_chart2__r0102	ZSTD	1	0.6
p0_chart3__r0102	ZSTD	1	0.6
p0_chart4__r0102	ZSTD	1	0.6
p0_chart5__r0102	ZSTD	1	0.6
p0_chart0__r0022	ZSTD	1	0.6
p0_chart1__r0022	ZSTD	1	0.6
p0_chart2__r0022	ZSTD	1	0.6
p0_chart3__r0022	ZSTD	1	0.6
p0_chart4__r0022	ZSTD	1	0.6
p0_chart5__r0022	ZSTD	1	0.6
p0_chart0__r0144	ZSTD	1	0.6
p0_chart1__r0144	ZSTD	2	0.6
p0_chart2__r0144	ZSTD	2	0.6
p0_chart3__r0144	ZSTD	1	0.6
p0_chart4__r0144	ZSTD	1	0.5
p0_chart5__r0144	ZSTD	2	0.6
p0_chart0__r0198	ZSTD	1	0.6
p0_chart1__r0198	ZSTD	2	0.6
p0_chart2__r0198	ZSTD	2	0.6
p0_chart3__r0198	ZSTD	1	0.6
p0_chart4__r0198	ZSTD	1	0.6
p0_chart5__r0198	ZSTD	2	0.6
p0_chart0__r0064	ZSTD	1	0.6
p0_chart1__r0064	ZSTD	2	0.6
p0_chart2__r0064	ZSTD	2	0.5
p0_chart3__r0064	ZSTD	1	0.6
p0_chart4__r0064	ZSTD	1	0.6
p0_chart5__r0064	ZSTD	2	0.6
p0_chart0__r0288	ZSTD	1	0.6
p0_chart1__r0288	ZSTD	1	0.6
p0_chart2__r0288	ZSTD	1	0.6
p0_chart3__r0288	ZSTD	1	0.6
p0_chart4__r0288	ZSTD	1	0.6
p0_chart5__r0288	ZSTD	1	0.6
p0_chart0__r0342	ZSTD	1	0.6
p0_chart1__r0342	ZSTD	1	0.6
p0_chart2__r0342	ZSTD	1	0.6
p0_chart3__r0342	ZSTD	1	0.6
p0_chart4__r0342	ZSTD	1	0.5
p0_chart5__r0342	ZSTD	1	0.6
p0_chart0__r0066	ZSTD	1	0.6
p0_chart1__r0066	ZSTD	2	0.5
p0_chart2__r0066	ZSTD	2	0.6
p0_chart3__r0066	ZSTD	1	0.6
p0_chart4__r0066	ZSTD	1	0.6
p0_chart5__r0066	ZSTD	2	0.6
p0_chart0__r0172	ZSTD	1	0.6
p0_chart1__r0172	ZSTD	2	0.6
p0_chart2__r0172	ZSTD	2	0.6
p0_chart3__r0172	ZSTD	1	0.5
p0_chart4__r0172	ZSTD	1	0.6
p0_chart5__r0172	ZSTD	2	0.6
p0_chart0__r0262	ZSTD	1	0.6
p0_chart1__r0262	ZSTD	1	0.6
p0_chart2__r0262	ZSTD	1	0.6
p0_chart3__r0262	ZSTD	1	0.5
p0_chart4__r0262	ZSTD	1	0.6
p0_chart5__r0262	ZSTD	1	0.6
p0_chart0__r0174	ZSTD	1	0.5
p0_chart1__r0174	ZSTD	2	0.6
p0_chart2__r0174	ZSTD	2	0.6
p0_chart3__r0174	ZSTD	1	0.6
p0_chart4__r0174	ZSTD	1	0.6
p0_chart5__r0174	ZSTD	2	0.6
p0_chart0__r0264	ZSTD	1	0.6
p0_chart1__r0264	ZSTD	1	0.6
p0_chart2__r0264	ZSTD	1	0.6
p0_chart3__r0264	ZSTD	1	0.6
p0_chart4__r0264	ZSTD	1	0.6
p0_chart5__r0264	ZSTD	1	0.6
p0_chart0__r0038	ZSTD	1	0.5
p0_chart1__r0038	ZSTD	1	0.6
p0_chart2__r0038	ZSTD	1	0.6
p0_chart3__r0038	ZSTD	2	0.5
p0_chart4__r0038	ZSTD	2	0.6
p0_chart5__r0038	ZSTD	2	0.6
p0_chart0__r0092	ZSTD	1	0.6
p0_chart1__r0092	ZSTD	1	0.6
p0_chart2__r0092	ZSTD	1	0.5
p0_chart3__r0092	ZSTD	2	0.5
p0_chart4__r0092	ZSTD	2	0.5
p0_chart5__r0092	ZSTD	2	0.5
p0_chart0__r0042	ZSTD	1	0.5
p0_chart1__r0042	ZSTD	1	0.5
p0_chart2__r0042	ZSTD	1	0.5
p0_chart3__r0042	ZSTD	2	0.5
p0_chart4__r0042	ZSTD	2	0.5
p0_chart5__r0042	ZSTD	2	0.5
p0_chart0__r0096	ZSTD	1	0.6
p0_chart1__r0096	ZSTD	1	0.5
p0_chart2__r0096	ZSTD	1	0.6
p0_chart3__r0096	ZSTD	2	0.5
p0_chart4__r0096	ZSTD	2	0.5
p0_chart5__r0096	ZSTD	2	0.5
p0_chart0__r0016	ZSTD	1	0.5
p0_chart1__r0016	ZSTD	1	0.6
p0_chart2__r0016	ZSTD	1	0.5
p0_chart3__r0016	ZSTD	2	0.5
p0_chart4__r0016	ZSTD	2	0.5
p0_chart5__r0016	ZSTD	2	0.5
p0_chart0__r0014	ZSTD	1	0.5
p0_chart1__r0014	ZSTD	1	0.6
p0_chart2__r0014	ZSTD	1	0.5
p0_chart3__r0014	ZSTD	2	0.5
p0_chart4__r0014	ZSTD	2	0.5
p0_chart5__r0014	ZSTD	2	0.5
p0_chart0__r0136	ZSTD	1	0.6
p0_chart0__r0306	ZSTD	1	0.6
p0_chart1__r0136	ZSTD	2	0.6
p0_chart1__r0306	ZSTD	2	0.5
p0_chart2__r0136	ZSTD	2	0.6
p0_chart2__r0306	ZSTD	2	0.6
p0_chart3__r0136	ZSTD	1	0.6
p0_chart3__r0306	ZSTD	1	0.5
p0_chart4__r0136	ZSTD	1	0.6
p0_chart4__r0306	ZSTD	1	0.6
p0_chart5__r0136	ZSTD	2	0.6
p0_chart5__r0306	ZSTD	2	0.6
p0_chart0__r0138	ZSTD	1	0.6
p0_chart0__r0190	ZSTD	1	0.6
p0_chart1__r0138	ZSTD	2	0.6
p0_chart1__r0190	ZSTD	2	0.6
p0_chart2__r0138	ZSTD	2	0.5
p0_chart2__r0190	ZSTD	2	0.6
p0_chart3__r0138	ZSTD	1	0.6
p0_chart3__r0190	ZSTD	1	0.6
p0_chart4__r0138	ZSTD	1	0.6
p0_chart4__r0190	ZSTD	1	0.6
p0_chart5__r0138	ZSTD	2	0.6
p0_chart5__r0190	ZSTD	2	0.6
p0_chart0__r0414	ZSTD	1	0.6
p0_chart1__r0414	ZSTD	2	0.6
p0_chart2__r0414	ZSTD	2	0.6
p0_chart3__r0414	ZSTD	1	0.5
p0_chart4__r0414	ZSTD	1	0.6
p0_chart5__r0414	ZSTD	2	0.5
p0_chart0__r0192	ZSTD	1	0.5
p0_chart1__r0192	ZSTD	2	0.5
p0_chart2__r0192	ZSTD	2	0.5
p0_chart3__r0192	ZSTD	1	0.6
p0_chart4__r0192	ZSTD	1	0.6
p0_chart5__r0192	ZSTD	2	0.5
p0_chart0__r0058	ZSTD	1	0.5
p0_chart1__r0058	ZSTD	2	0.5
p0_chart2__r0058	ZSTD	2	0.5
p0_chart3__r0058	ZSTD	1	0.5
p0_chart4__r0058	ZSTD	1	0.5
p0_chart5__r0058	ZSTD	2	0.6
p0_chart0__r0166	ZSTD	1	0.6
p0_chart1__r0166	ZSTD	2	0.6
p0_chart2__r0166	ZSTD	2	0.5
p0_chart3__r0166	ZSTD	1	0.5
p0_chart4__r0166	ZSTD	1	0.5
p0_chart5__r0166	ZSTD	2	0.5
p0_chart0__r0110	ZSTD	1	0.5
p0_chart1__r0110	ZSTD	1	0.5
p0_chart2__r0110	ZSTD	1	0.5
p0_chart3__r0110	ZSTD	2	0.5
p0_chart4__r0110	ZSTD	2	0.5
p0_chart5__r0110	ZSTD	2	0.5
p0_chart0__r0114	ZSTD	1	0.5
p0_chart1__r0114	ZSTD	1	0.5
p0_chart2__r0114	ZSTD	1	0.6
p0_chart3__r0114	ZSTD	2	0.5
p0_chart4__r0114	ZSTD	2	0.5
p0_chart5__r0114	ZSTD	2	0.5
p0_chart0__r0254	ZSTD	1	0.5
p0_chart1__r0254	ZSTD	1	0.5
p0_chart2__r0254	ZSTD	1	0.5
p0_chart3__r0254	ZSTD	2	0.6
p0_chart4__r0254	ZSTD	2	0.6
p0_chart5__r0254	ZSTD	2	0.6
p0_chart0__r0034	ZSTD	1	0.6
p0_chart1__r0034	ZSTD	1	0.5
p0_chart2__r0034	ZSTD	1	0.6
p0_chart3__r0034	ZSTD	2	0.6
p0_chart4__r0034	ZSTD	2	0.6
p0_chart5__r0034	ZSTD	2	0.5
p0_chart0__r0032	ZSTD	1	0.6
p0_chart0__r0088	ZSTD	1	0.6
p0_chart0__r0258	ZSTD	1	0.6
p0_chart1__r0032	ZSTD	1	0.5
p0_chart1__r0088	ZSTD	1	0.5
p0_chart1__r0258	ZSTD	1	0.6
p0_chart2__r0032	ZSTD	1	0.6
p0_chart2__r0088	ZSTD	1	0.6
p0_chart2__r0258	ZSTD	1	0.6
p0_chart3__r0032	ZSTD	2	0.6
p0_chart3__r0088	ZSTD	2	0.6
p0_chart3__r0258	ZSTD	2	0.6
p0_chart4__r0032	ZSTD	2	0.5
p0_chart4__r0088	ZSTD	2	0.6
p0_chart4__r0258	ZSTD	2	0.5
p0_chart5__r0032	ZSTD	2	0.6
p0_chart5__r0088	ZSTD	2	0.6
p0_chart5__r0258	ZSTD	2	0.6
p0_chart0__r0086	ZSTD	1	0.6
p0_chart1__r0086	ZSTD	1	0.5
p0_chart2__r0086	ZSTD	1	0.6
p0_chart3__r0086	ZSTD	2	0.6
p0_chart4__r0086	ZSTD	2	0.5
p0_chart5__r0086	ZSTD	2	0.6
p0_chart0__r0378	ZSTD	1	0.6
p0_chart1__r0378	ZSTD	2	0.6
p0_chart2__r0378	ZSTD	2	0.6
p0_chart3__r0378	ZSTD	1	0.6
p0_chart4__r0378	ZSTD	1	0.6
p0_chart5__r0378	ZSTD	2	0.6
p0_chart0__r0432	ZSTD	1	0.6
p0_chart0__r0522	ZSTD	2	0.6
p0_chart1__r0432	ZSTD	2	0.6
p0_chart1__r0522	ZSTD	2	0.6
p0_chart2__r0432	ZSTD	2	0.6
p0_chart2__r0522	ZSTD	2	0.6
p0_chart3__r0432	ZSTD	1	0.6
p0_chart3__r0522	ZSTD	2	0.6
p0_chart4__r0432	ZSTD	1	0.6
p0_chart4__r0522	ZSTD	2	0.5
p0_chart5__r0432	ZSTD	2	0.5
p0_chart5__r0522	ZSTD	1	0.6
p0_chart0__r0298	ZSTD	1	0.6
p0_chart0__r0576	ZSTD	2	0.6
p0_chart1__r0298	ZSTD	2	0.6
p0_chart1__r0576	ZSTD	2	0.6
p0_chart2__r0298	ZSTD	2	0.6
p0_chart2__r0576	ZSTD	2	0.6
p0_chart3__r0298	ZSTD	1	0.5
p0_chart3__r0576	ZSTD	2	0.6
p0_chart4__r0298	ZSTD	1	0.6
p0_chart4__r0576	ZSTD	2	0.6
p0_chart5__r0298	ZSTD	2	0.6
p0_chart5__r0576	ZSTD	1	0.5
p0_chart0__r0300	ZSTD	1	0.6
p0_chart1__r0300	ZSTD	2	0.5
p0_chart2__r0300	ZSTD	2	0.6
p0_chart3__r0300	ZSTD	1	0.6
p0_chart4__r0300	ZSTD	1	0.5
p0_chart5__r0300	ZSTD	2	0.5
p0_chart0__r0406	ZSTD	1	0.6
p0_chart0__r0496	ZSTD	2	0.6
p0_chart1__r0406	ZSTD	2	0.5
p0_chart1__r0496	ZSTD	2	0.5
p0_chart2__r0406	ZSTD	2	0.5
p0_chart2__r0496	ZSTD	2	0.5
p0_chart3__r0406	ZSTD	1	0.6
p0_chart3__r0496	ZSTD	2	0.5
p0_chart4__r0406	ZSTD	1	0.5
p0_chart4__r0496	ZSTD	2	0.5
p0_chart5__r0406	ZSTD	2	0.5
p0_chart5__r0496	ZSTD	1	0.6
p0_chart0__r0408	ZSTD	1	0.6
p0_chart0__r0498	ZSTD	2	0.6
p0_chart1__r0408	ZSTD	2	0.6
p0_chart1__r0498	ZSTD	2	0.6
p0_chart2__r0408	ZSTD	2	0.5
p0_chart2__r0498	ZSTD	2	0.5
p0_chart3__r0408	ZSTD	1	0.6
p0_chart3__r0498	ZSTD	2	0.6
p0_chart4__r0408	ZSTD	1	0.5
p0_chart4__r0498	ZSTD	2	0.5
p0_chart5__r0408	ZSTD	2	0.5
p0_chart5__r0498	ZSTD	1	0.5
p0_chart0__r0272	ZSTD	1	0.6
p0_chart1__r0272	ZSTD	1	0.6
p0_chart2__r0272	ZSTD	1	0.6
p0_chart3__r0272	ZSTD	2	0.5
p0_chart4__r0272	ZSTD	2	0.5
p0_chart5__r0272	ZSTD	2	0.5
p0_chart0__r0326	ZSTD	1	0.5
p0_chart1__r0326	ZSTD	1	0.5
p0_chart2__r0326	ZSTD	1	0.5
p0_chart3__r0326	ZSTD	2	0.5
p0_chart4__r0326	ZSTD	2	0.5
p0_chart5__r0326	ZSTD	2	0.5
p0_chart0__r0276	ZSTD	1	0.5
p0_chart1__r0276	ZSTD	1	0.5
p0_chart2__r0276	ZSTD	1	0.5
p0_chart3__r0276	ZSTD	2	0.5
p0_chart4__r0276	ZSTD	2	0.5
p0_chart5__r0276	ZSTD	2	0.5
p0_chart0__r0330	ZSTD	1	0.5
p0_chart1__r0330	ZSTD	1	0.5
p0_chart2__r0330	ZSTD	1	0.5
p0_chart3__r0330	ZSTD	2	0.5
p0_chart4__r0330	ZSTD	2	0.5
p0_chart5__r0330	ZSTD	2	0.5
p0_chart0__r0250	ZSTD	1	0.5
p0_chart1__r0250	ZSTD	1	0.5
p0_chart2__r0250	ZSTD	1	0.5
p0_chart3__r0250	ZSTD	2	0.5
p0_chart4__r0250	ZSTD	2	0.5
p0_chart5__r0250	ZSTD	2	0.5
p0_chart0__r0248	ZSTD	1	0.5
p0_chart1__r0248	ZSTD	1	0.5
p0_chart2__r0248	ZSTD	1	0.5
p0_chart3__r0248	ZSTD	2	0.5
p0_chart4__r0248	ZSTD	2	0.5
p0_chart5__r0248	ZSTD	2	0.5
p0_chart0__r0594	ZSTD	2	0.5
p0_chart1__r0594	ZSTD	2	0.5
p0_chart2__r0594	ZSTD	2	0.5
p0_chart3__r0594	ZSTD	2	0.5
p0_chart4__r0594	ZSTD	2	0.5
p0_chart5__r0594	ZSTD	1	0.5
p0_chart0__r0514	ZSTD	2	0.5
p0_chart1__r0514	ZSTD	2	0.5
p0_chart2__r0514	ZSTD	2	0.5
p0_chart3__r0514	ZSTD	2	0.5
p0_chart4__r0514	ZSTD	2	0.5
p0_chart5__r0514	ZSTD	1	0.5
p0_chart0__r0568	ZSTD	2	0.5
p0_chart1__r0568	ZSTD	2	0.5
p0_chart2__r0568	ZSTD	2	0.5
p0_chart3__r0568	ZSTD	2	0.5
p0_chart4__r0568	ZSTD	2	0.5
p0_chart5__r0568	ZSTD	1	0.5
p0_chart0__r0516	ZSTD	2	0.5
p0_chart1__r0516	ZSTD	2	0.5
p0_chart2__r0516	ZSTD	2	0.5
p0_chart3__r0516	ZSTD	2	0.5
p0_chart4__r0516	ZSTD	2	0.5
p0_chart5__r0516	ZSTD	1	0.5
p0_chart0__r0570	ZSTD	2	0.6
p0_chart1__r0570	ZSTD	2	0.6
p0_chart2__r0570	ZSTD	2	0.5
p0_chart3__r0570	ZSTD	2	0.5
p0_chart4__r0570	ZSTD	2	0.5
p0_chart5__r0570	ZSTD	1	0.5
p0_chart0__r0490	ZSTD	2	0.5
p0_chart1__r0490	ZSTD	2	0.5
p0_chart2__r0490	ZSTD	2	0.5
p0_chart3__r0490	ZSTD	2	0.5
p0_chart4__r0490	ZSTD	2	0.5
p0_chart5__r0490	ZSTD	1	0.5
p0_chart1__r0054_E1	ZSTD	1	0.6
p0_chart2__r0054_E1	ZSTD	1	0.6
p0_chart5__r0054_E1	ZSTD	1	0.5
p0_chart1__r0054_Em1	ZSTD	1	0.6
p0_chart1__r0162_E1	ZSTD	1	0.5
p0_chart2__r0054_Em1	ZSTD	1	0.6
p0_chart2__r0162_E1	ZSTD	1	0.5
p0_chart5__r0054_Em1	ZSTD	1	0.6
p0_chart5__r0162_E1	ZSTD	1	0.5
p0_chart1__r0162_Em1	ZSTD	1	0.5
p0_chart2__r0162_Em1	ZSTD	1	0.6
p0_chart5__r0162_Em1	ZSTD	1	0.6
p0_chart3__r0002_E1	ZSTD	1	0.5
p0_chart4__r0002_E1	ZSTD	1	0.6
p0_chart5__r0002_E1	ZSTD	1	0.5
p0_chart3__r0006_E1	ZSTD	1	0.6
p0_chart4__r0006_E1	ZSTD	1	0.6
p0_chart5__r0006_E1	ZSTD	1	0.6
p0_chart3__r0002_Em1	ZSTD	1	0.6
p0_chart4__r0002_Em1	ZSTD	1	0.6
p0_chart5__r0002_Em1	ZSTD	1	0.6
p0_chart3__r0006_Em1	ZSTD	1	0.5
p0_chart4__r0006_Em1	ZSTD	1	0.5
p0_chart5__r0006_Em1	ZSTD	1	0.6
p0_chart0__r0127	ZSTD	1	0.6
p0_chart1__r0127	ZSTD	1	0.6
p0_chart2__r0127	ZSTD	1	0.5
p0_chart3__r0127	ZSTD	1	0.5
p0_chart4__r0127	ZSTD	1	0.6
p0_chart5__r0127	ZSTD	1	0.5
p0_chart0__r0129	ZSTD	1	0.6
p0_chart1__r0129	ZSTD	1	0.6
p0_chart2__r0129	ZSTD	1	0.5
p0_chart3__r0129	ZSTD	1	0.5
p0_chart4__r0129	ZSTD	1	0.6
p0_chart5__r0129	ZSTD	1	1.1
p0_chart0__r0049	ZSTD	1	0.6
p0_chart1__r0049	ZSTD	1	0.6
p0_chart2__r0049	ZSTD	1	0.5
p0_chart3__r0049	ZSTD	1	0.5
p0_chart4__r0049	ZSTD	1	0.5
p0_chart5__r0049	ZSTD	1	0.6
p0_chart0__r0103	ZSTD	1	0.5
p0_chart1__r0103	ZSTD	1	0.5
p0_chart2__r0103	ZSTD	1	0.6
p0_chart3__r0103	ZSTD	1	0.5
p0_chart4__r0103	ZSTD	1	0.6
p0_chart5__r0103	ZSTD	1	0.5
p0_chart0__r0145	ZSTD	1	0.6
p0_chart0__r0486_E1	ZSTD	1	0.6
p0_chart1__r0145	ZSTD	2	0.6
p0_chart1__r0486_E1	ZSTD	1	0.6
p0_chart2__r0145	ZSTD	2	0.5
p0_chart2__r0486_E1	ZSTD	1	0.6
p0_chart3__r0145	ZSTD	1	0.5
p0_chart3__r0486_E1	ZSTD	1	0.5
p0_chart4__r0145	ZSTD	1	0.6
p0_chart4__r0486_E1	ZSTD	1	0.6
p0_chart5__r0145	ZSTD	2	0.6
p0_chart0__r0369	ZSTD	1	0.6
p0_chart1__r0369	ZSTD	1	0.6
p0_chart2__r0369	ZSTD	1	0.5
p0_chart3__r0369	ZSTD	1	0.6
p0_chart4__r0369	ZSTD	1	0.6
p0_chart5__r0369	ZSTD	1	0.6
p0_chart0__r0147	ZSTD	1	0.6
p0_chart0__r0199	ZSTD	1	0.5
p0_chart1__r0147	ZSTD	2	0.6
p0_chart1__r0199	ZSTD	2	0.5
p0_chart2__r0147	ZSTD	2	0.6
p0_chart2__r0199	ZSTD	2	0.5
p0_chart3__r0147	ZSTD	1	0.6
p0_chart3__r0199	ZSTD	1	0.6
p0_chart4__r0147	ZSTD	1	0.6
p0_chart4__r0199	ZSTD	1	0.6
p0_chart5__r0147	ZSTD	2	0.6
p0_chart5__r0199	ZSTD	2	0.6
p0_chart0__r0486_Em1	ZSTD	1	0.6
p0_chart1__r0486_Em1	ZSTD	1	0.5
p0_chart2__r0486_Em1	ZSTD	1	0.6
p0_chart3__r0486_Em1	ZSTD	1	0.6
p0_chart4__r0486_Em1	ZSTD	1	0.5
p0_chart0__r0289	ZSTD	1	0.6
p0_chart1__r0289	ZSTD	1	0.6
p0_chart2__r0289	ZSTD	1	0.6
p0_chart3__r0289	ZSTD	1	0.6
p0_chart4__r0289	ZSTD	1	0.6
p0_chart5__r0289	ZSTD	1	0.6
p0_chart0__r0201	ZSTD	1	0.6
p0_chart0__r0343	ZSTD	1	0.6
p0_chart1__r0201	ZSTD	2	0.6
p0_chart1__r0343	ZSTD	1	0.5
p0_chart2__r0201	ZSTD	2	0.6
p0_chart2__r0343	ZSTD	1	0.6
p0_chart3__r0201	ZSTD	1	0.5
p0_chart3__r0343	ZSTD	1	0.6
p0_chart4__r0201	ZSTD	1	0.6
p0_chart4__r0343	ZSTD	1	0.6
p0_chart5__r0201	ZSTD	2	32.4
p0_chart5__r0343	ZSTD	1	0.6
p0_chart0__r0067	ZSTD	1	0.6
p0_chart1__r0067	ZSTD	2	0.5
p0_chart2__r0067	ZSTD	2	0.6
p0_chart3__r0067	ZSTD	1	0.6
p0_chart4__r0067	ZSTD	1	0.5
p0_chart5__r0067	ZSTD	2	0.6
p0_chart0__r0291	ZSTD	1	0.6
p0_chart1__r0291	ZSTD	1	0.6
p0_chart2__r0291	ZSTD	1	0.6
p0_chart3__r0291	ZSTD	1	0.6
p0_chart4__r0291	ZSTD	1	0.6
p0_chart5__r0291	ZSTD	1	0.6
p0_chart0__r0345	ZSTD	1	1.1
p0_chart1__r0345	ZSTD	1	0.6
p0_chart2__r0345	ZSTD	1	1.1
p0_chart3__r0345	ZSTD	1	0.6
p0_chart4__r0345	ZSTD	1	1.6
p0_chart5__r0345	ZSTD	1	0.6
p0_chart0__r0175	ZSTD	1	0.6
p0_chart1__r0175	ZSTD	2	0.6
p0_chart2__r0175	ZSTD	2	0.5
p0_chart3__r0175	ZSTD	1	0.6
p0_chart4__r0175	ZSTD	1	0.5
p0_chart5__r0175	ZSTD	2	0.6
p0_chart0__r0265	ZSTD	1	0.6
p0_chart1__r0265	ZSTD	1	0.5
p0_chart2__r0265	ZSTD	1	0.5
p0_chart3__r0265	ZSTD	1	0.6
p0_chart4__r0265	ZSTD	1	0.6
p0_chart5__r0265	ZSTD	1	0.6
p0_chart0__r0119	ZSTD	1	0.5
p0_chart1__r0119	ZSTD	1	0.6
p0_chart2__r0119	ZSTD	1	0.6
p0_chart3__r0119	ZSTD	2	0.6
p0_chart4__r0119	ZSTD	2	0.6
p0_chart5__r0119	ZSTD	2	0.5
p0_chart0__r0123	ZSTD	1	0.6
p0_chart1__r0123	ZSTD	1	0.6
p0_chart2__r0123	ZSTD	1	0.6
p0_chart3__r0123	ZSTD	2	0.6
p0_chart4__r0123	ZSTD	2	0.6
p0_chart5__r0123	ZSTD	2	0.6
p0_chart0__r0043	ZSTD	1	0.6
p0_chart1__r0043	ZSTD	1	0.5
p0_chart2__r0043	ZSTD	1	0.5
p0_chart3__r0043	ZSTD	2	0.6
p0_chart4__r0043	ZSTD	2	0.5
p0_chart5__r0043	ZSTD	2	0.6
p0_chart0__r0041	ZSTD	1	0.6
p0_chart0__r0097	ZSTD	1	0.5
p0_chart1__r0041	ZSTD	1	0.5
p0_chart1__r0097	ZSTD	1	0.6
p0_chart2__r0041	ZSTD	1	0.5
p0_chart2__r0097	ZSTD	1	0.6
p0_chart3__r0041	ZSTD	2	0.6
p0_chart3__r0097	ZSTD	2	0.5
p0_chart4__r0041	ZSTD	2	0.6
p0_chart4__r0097	ZSTD	2	0.5
p0_chart5__r0041	ZSTD	2	0.6
p0_chart5__r0097	ZSTD	2	0.6
p0_chart0__r0095	ZSTD	1	0.5
p0_chart1__r0095	ZSTD	1	0.6
p0_chart2__r0095	ZSTD	1	0.6
p0_chart3__r0095	ZSTD	2	0.5
p0_chart4__r0095	ZSTD	2	0.6
p0_chart5__r0095	ZSTD	2	0.6
p0_chart0__r0387	ZSTD	1	0.5
p0_chart1__r0387	ZSTD	2	0.6
p0_chart2__r0387	ZSTD	2	0.6
p0_chart3__r0387	ZSTD	1	0.5
p0_chart4__r0387	ZSTD	1	0.6
p0_chart5__r0387	ZSTD	2	0.6
p0_chart0__r0441	ZSTD	1	0.6
p0_chart1__r0441	ZSTD	2	0.6
p0_chart2__r0441	ZSTD	2	0.6
p0_chart3__r0441	ZSTD	1	0.5
p0_chart4__r0441	ZSTD	1	0.6
p0_chart5__r0441	ZSTD	2	0.6
p0_chart0__r0307	ZSTD	1	0.5
p0_chart1__r0307	ZSTD	2	0.6
p0_chart2__r0307	ZSTD	2	0.6
p0_chart3__r0307	ZSTD	1	0.6
p0_chart4__r0307	ZSTD	1	0.6
p0_chart5__r0307	ZSTD	2	0.6
p0_chart0__r0139	ZSTD	1	0.6
p0_chart0__r0309	ZSTD	1	0.6
p0_chart1__r0139	ZSTD	2	2.1
p0_chart1__r0309	ZSTD	2	0.6
p0_chart2__r0139	ZSTD	2	2.1
p0_chart2__r0309	ZSTD	2	0.5
p0_chart3__r0139	ZSTD	1	1.6
p0_chart3__r0309	ZSTD	1	0.6
p0_chart4__r0139	ZSTD	1	1.6
p0_chart4__r0309	ZSTD	1	0.6
p0_chart5__r0139	ZSTD	2	2.6
p0_chart5__r0309	ZSTD	2	0.5
p0_chart0__r0415	ZSTD	1	0.6
p0_chart1__r0415	ZSTD	2	0.5
p0_chart2__r0415	ZSTD	2	0.6
p0_chart3__r0415	ZSTD	1	0.5
p0_chart4__r0415	ZSTD	1	0.6
p0_chart5__r0415	ZSTD	2	0.6
p0_chart0__r0193	ZSTD	1	0.6
p0_chart1__r0193	ZSTD	2	0.5
p0_chart2__r0193	ZSTD	2	0.5
p0_chart3__r0193	ZSTD	1	0.6
p0_chart4__r0193	ZSTD	1	0.6
p0_chart5__r0193	ZSTD	2	0.6
p0_chart0__r0417	ZSTD	1	0.6
p0_chart1__r0417	ZSTD	2	0.6
p0_chart2__r0417	ZSTD	2	0.5
p0_chart3__r0417	ZSTD	1	0.5
p0_chart4__r0417	ZSTD	1	0.6
p0_chart5__r0417	ZSTD	2	0.5
p0_chart0__r0281	ZSTD	1	0.5
p0_chart1__r0281	ZSTD	1	0.5
p0_chart2__r0281	ZSTD	1	0.5
p0_chart3__r0281	ZSTD	2	0.5
p0_chart4__r0281	ZSTD	2	0.6
p0_chart5__r0281	ZSTD	2	0.5
p0_chart0__r0335	ZSTD	1	0.5
p0_chart1__r0335	ZSTD	1	0.5
p0_chart2__r0335	ZSTD	1	0.5
p0_chart3__r0335	ZSTD	2	0.5
p0_chart4__r0335	ZSTD	2	3.1
p0_chart5__r0335	ZSTD	2	0.5
p0_chart0__r0115	ZSTD	1	0.5
p0_chart0__r0285	ZSTD	1	0.5
p0_chart1__r0115	ZSTD	1	0.5
p0_chart1__r0285	ZSTD	1	0.5
p0_chart2__r0115	ZSTD	1	0.5
p0_chart2__r0285	ZSTD	1	0.5
p0_chart3__r0115	ZSTD	2	0.5
p0_chart3__r0285	ZSTD	2	0.5
p0_chart4__r0115	ZSTD	2	0.5
p0_chart4__r0285	ZSTD	2	0.5
p0_chart5__r0115	ZSTD	2	0.5
p0_chart5__r0285	ZSTD	2	0.5
p0_chart0__r0113	ZSTD	1	0.5
p0_chart0__r0339	ZSTD	1	0.5
p0_chart1__r0113	ZSTD	1	1.1
p0_chart1__r0339	ZSTD	1	0.5
p0_chart2__r0113	ZSTD	1	1.1
p0_chart2__r0339	ZSTD	1	0.5
p0_chart3__r0113	ZSTD	2	0.5
p0_chart3__r0339	ZSTD	2	0.5
p0_chart4__r0113	ZSTD	2	0.5
p0_chart4__r0339	ZSTD	2	0.5
p0_chart5__r0113	ZSTD	2	0.5
p0_chart5__r0339	ZSTD	2	0.5
p0_chart0__r0259	ZSTD	1	0.5
p0_chart1__r0259	ZSTD	1	0.5
p0_chart2__r0259	ZSTD	1	0.5
p0_chart3__r0259	ZSTD	2	0.5
p0_chart4__r0259	ZSTD	2	0.5
p0_chart5__r0259	ZSTD	2	0.5
p0_chart0__r0257	ZSTD	1	0.5
p0_chart1__r0257	ZSTD	1	0.5
p0_chart2__r0257	ZSTD	1	0.5
p0_chart3__r0257	ZSTD	2	0.5
p0_chart4__r0257	ZSTD	2	0.5
p0_chart5__r0257	ZSTD	2	0.5
p0_chart0__r0603	ZSTD	2	0.5
p0_chart1__r0603	ZSTD	2	0.5
p0_chart2__r0603	ZSTD	2	0.5
p0_chart3__r0603	ZSTD	2	0.5
p0_chart4__r0603	ZSTD	2	0.5
p0_chart5__r0603	ZSTD	1	0.5
p0_chart0__r0379	ZSTD	1	0.5
p0_chart1__r0379	ZSTD	2	0.5
p0_chart2__r0379	ZSTD	2	0.5
p0_chart3__r0379	ZSTD	1	0.5
p0_chart4__r0379	ZSTD	1	0.5
p0_chart5__r0379	ZSTD	2	0.5
p0_chart0__r0381	ZSTD	1	0.5
p0_chart0__r0433	ZSTD	1	0.5
p0_chart0__r0523	ZSTD	2	0.5
p0_chart1__r0381	ZSTD	2	0.5
p0_chart1__r0433	ZSTD	2	0.5
p0_chart1__r0523	ZSTD	2	0.5
p0_chart2__r0381	ZSTD	2	0.5
p0_chart2__r0433	ZSTD	2	0.5
p0_chart2__r0523	ZSTD	2	0.5
p0_chart3__r0381	ZSTD	1	0.5
p0_chart3__r0433	ZSTD	1	0.5
p0_chart3__r0523	ZSTD	2	0.5
p0_chart4__r0381	ZSTD	1	0.5
p0_chart4__r0433	ZSTD	1	0.5
p0_chart4__r0523	ZSTD	2	0.5
p0_chart5__r0381	ZSTD	2	0.5
p0_chart5__r0433	ZSTD	2	0.5
p0_chart5__r0523	ZSTD	1	0.5
p0_chart0__r0577	ZSTD	2	0.5
p0_chart1__r0577	ZSTD	2	0.5
p0_chart2__r0577	ZSTD	2	0.5
p0_chart3__r0577	ZSTD	2	0.5
p0_chart4__r0577	ZSTD	2	0.5
p0_chart5__r0577	ZSTD	1	0.5
p0_chart0__r0435	ZSTD	1	0.5
p0_chart0__r0525	ZSTD	2	0.5
p0_chart1__r0435	ZSTD	2	0.5
p0_chart1__r0525	ZSTD	2	0.5
p0_chart2__r0435	ZSTD	2	0.5
p0_chart2__r0525	ZSTD	2	0.5
p0_chart3__r0435	ZSTD	1	0.5
p0_chart3__r0525	ZSTD	2	0.5
p0_chart4__r0435	ZSTD	1	0.5
p0_chart4__r0525	ZSTD	2	0.5
p0_chart5__r0435	ZSTD	2	0.5
p0_chart5__r0525	ZSTD	1	0.5
p0_chart0__r0301	ZSTD	1	0.5
p0_chart0__r0579	ZSTD	2	0.5
p0_chart1__r0301	ZSTD	2	0.5
p0_chart1__r0579	ZSTD	2	0.5
p0_chart2__r0301	ZSTD	2	0.5
p0_chart2__r0579	ZSTD	2	0.5
p0_chart3__r0301	ZSTD	1	0.5
p0_chart3__r0579	ZSTD	2	0.5
p0_chart4__r0301	ZSTD	1	0.5
p0_chart4__r0579	ZSTD	2	0.5
p0_chart5__r0301	ZSTD	2	0.5
p0_chart5__r0579	ZSTD	1	0.5
p0_chart0__r0409	ZSTD	1	0.5
p0_chart0__r0499	ZSTD	2	0.5
p0_chart1__r0409	ZSTD	2	0.5
p0_chart1__r0499	ZSTD	2	0.5
p0_chart2__r0409	ZSTD	2	0.5
p0_chart2__r0499	ZSTD	2	0.5
p0_chart3__r0409	ZSTD	1	0.5
p0_chart3__r0499	ZSTD	2	0.5
p0_chart4__r0409	ZSTD	1	0.5
p0_chart4__r0499	ZSTD	2	0.5
p0_chart5__r0409	ZSTD	2	0.5
p0_chart5__r0499	ZSTD	1	0.5
p0_chart0__r0353	ZSTD	1	0.5
p0_chart1__r0353	ZSTD	1	0.5
p0_chart2__r0353	ZSTD	1	0.5
p0_chart3__r0353	ZSTD	2	0.5
p0_chart4__r0353	ZSTD	2	0.5
p0_chart5__r0353	ZSTD	2	0.5
p0_chart0__r0357	ZSTD	1	0.5
p0_chart1__r0357	ZSTD	1	0.5
p0_chart2__r0357	ZSTD	1	0.5
p0_chart3__r0357	ZSTD	2	0.5
p0_chart4__r0357	ZSTD	2	0.5
p0_chart5__r0357	ZSTD	2	0.5
p0_chart0__r0277	ZSTD	1	0.5
p0_chart1__r0277	ZSTD	1	0.5
p0_chart2__r0277	ZSTD	1	0.5
p0_chart3__r0277	ZSTD	2	0.5
p0_chart4__r0277	ZSTD	2	0.5
p0_chart5__r0277	ZSTD	2	0.5
p0_chart0__r0275	ZSTD	1	0.5
p0_chart0__r0331	ZSTD	1	0.5
p0_chart1__r0275	ZSTD	1	0.5
p0_chart1__r0331	ZSTD	1	0.5
p0_chart2__r0275	ZSTD	1	0.5
p0_chart2__r0331	ZSTD	1	0.5
p0_chart3__r0275	ZSTD	2	0.5
p0_chart3__r0331	ZSTD	2	0.5
p0_chart4__r0275	ZSTD	2	0.5
p0_chart4__r0331	ZSTD	2	0.5
p0_chart5__r0275	ZSTD	2	0.5
p0_chart5__r0331	ZSTD	2	0.5
p0_chart0__r0329	ZSTD	1	0.5
p0_chart1__r0329	ZSTD	1	0.5
p0_chart2__r0329	ZSTD	1	0.5
p0_chart3__r0329	ZSTD	2	32.8
p0_chart4__r0329	ZSTD	2	17.7
p0_chart5__r0329	ZSTD	2	0.5
p0_chart0__r0595	ZSTD	2	0.5
p0_chart1__r0595	ZSTD	2	0.5
p0_chart2__r0595	ZSTD	2	0.5
p0_chart3__r0595	ZSTD	2	0.6
p0_chart4__r0595	ZSTD	2	0.5
p0_chart5__r0595	ZSTD	1	0.5
p0_chart0__r0597	ZSTD	2	0.5
p0_chart1__r0597	ZSTD	2	0.5
p0_chart2__r0597	ZSTD	2	0.6
p0_chart3__r0597	ZSTD	2	0.6
p0_chart4__r0597	ZSTD	2	0.6
p0_chart5__r0597	ZSTD	1	0.5
p0_chart0__r0517	ZSTD	2	0.5
p0_chart1__r0517	ZSTD	2	0.5
p0_chart2__r0517	ZSTD	2	0.5
p0_chart3__r0517	ZSTD	2	0.5
p0_chart4__r0517	ZSTD	2	0.5
p0_chart5__r0517	ZSTD	1	0.5
p0_chart0__r0571	ZSTD	2	0.5
p0_chart1__r0571	ZSTD	2	0.5
p0_chart2__r0571	ZSTD	2	0.5
p0_chart3__r0571	ZSTD	2	0.5
p0_chart4__r0571	ZSTD	2	0.5
p0_chart5__r0571	ZSTD	1	0.5
p0_chart0__r0130	ZSTD	1	0.5
p0_chart1__r0130	ZSTD	1	0.6
p0_chart2__r0130	ZSTD	1	0.5
p0_chart3__r0130	ZSTD	1	0.5
p0_chart4__r0130	ZSTD	1	0.5
p0_chart5__r0130	ZSTD	1	0.5
p0_chart0__r0370	ZSTD	1	0.5
p0_chart1__r0370	ZSTD	1	0.6
p0_chart2__r0370	ZSTD	1	0.6
p0_chart3__r0370	ZSTD	1	0.6
p0_chart4__r0370	ZSTD	1	0.6
p0_chart5__r0370	ZSTD	1	0.6
p0_chart0__r0148	ZSTD	1	0.6
p0_chart1__r0148	ZSTD	2	0.5
p0_chart2__r0148	ZSTD	2	0.6
p0_chart3__r0148	ZSTD	1	0.6
p0_chart4__r0148	ZSTD	1	0.6
p0_chart5__r0148	ZSTD	2	0.6
p0_chart0__r0372	ZSTD	1	0.6
p0_chart1__r0372	ZSTD	1	0.6
p0_chart2__r0372	ZSTD	1	0.6
p0_chart3__r0372	ZSTD	1	0.6
p0_chart4__r0372	ZSTD	1	0.6
p0_chart5__r0372	ZSTD	1	0.6
p0_chart0__r0202	ZSTD	1	0.6
p0_chart1__r0202	ZSTD	2	0.6
p0_chart2__r0202	ZSTD	2	0.6
p0_chart3__r0202	ZSTD	1	0.6
p0_chart4__r0202	ZSTD	1	0.5
p0_chart5__r0202	ZSTD	2	0.6
p0_chart0__r0292	ZSTD	1	0.6
p0_chart1__r0292	ZSTD	1	0.6
p0_chart2__r0292	ZSTD	1	0.6
p0_chart3__r0292	ZSTD	1	0.5
p0_chart4__r0292	ZSTD	1	0.6
p0_chart5__r0292	ZSTD	1	0.5
p0_chart0__r0346	ZSTD	1	0.5
p0_chart1__r0346	ZSTD	1	0.5
p0_chart2__r0346	ZSTD	1	0.5
p0_chart3__r0346	ZSTD	1	0.5
p0_chart4__r0346	ZSTD	1	0.5
p0_chart5__r0346	ZSTD	1	0.5
p0_chart0__r0124	ZSTD	1	0.5
p0_chart1__r0124	ZSTD	1	0.5
p0_chart2__r0124	ZSTD	1	0.5
p0_chart3__r0124	ZSTD	2	0.6
p0_chart4__r0124	ZSTD	2	0.5
p0_chart5__r0124	ZSTD	2	0.5
p0_chart0__r0122	ZSTD	1	0.6
p0_chart1__r0122	ZSTD	1	0.5
p0_chart2__r0122	ZSTD	1	0.5
p0_chart3__r0122	ZSTD	2	0.5
p0_chart4__r0122	ZSTD	2	0.5
p0_chart5__r0122	ZSTD	2	0.5
p0_chart0__r0388	ZSTD	1	0.5
p0_chart1__r0388	ZSTD	2	0.6
p0_chart2__r0388	ZSTD	2	0.5
p0_chart3__r0388	ZSTD	1	0.6
p0_chart4__r0388	ZSTD	1	0.5
p0_chart5__r0388	ZSTD	2	0.5
p0_chart0__r0390	ZSTD	1	0.6
p0_chart0__r0442	ZSTD	1	0.5
p0_chart1__r0390	ZSTD	2	0.5
p0_chart1__r0442	ZSTD	2	0.5
p0_chart2__r0390	ZSTD	2	0.5
p0_chart2__r0442	ZSTD	2	0.5
p0_chart3__r0390	ZSTD	1	0.6
p0_chart3__r0442	ZSTD	1	0.5
p0_chart4__r0390	ZSTD	1	0.5
p0_chart4__r0442	ZSTD	1	0.5
p0_chart5__r0390	ZSTD	2	0.5
p0_chart5__r0442	ZSTD	2	0.6
p0_chart0__r0444	ZSTD	1	0.5
p0_chart1__r0444	ZSTD	2	0.6
p0_chart2__r0444	ZSTD	2	0.5
p0_chart3__r0444	ZSTD	1	0.5
p0_chart4__r0444	ZSTD	1	0.5
p0_chart5__r0444	ZSTD	2	0.5
p0_chart0__r0310	ZSTD	1	0.6
p0_chart1__r0310	ZSTD	2	0.5
p0_chart2__r0310	ZSTD	2	0.5
p0_chart3__r0310	ZSTD	1	0.6
p0_chart4__r0310	ZSTD	1	0.6
p0_chart5__r0310	ZSTD	2	0.6
p0_chart0__r0418	ZSTD	1	0.6
p0_chart1__r0418	ZSTD	2	0.6
p0_chart2__r0418	ZSTD	2	0.6
p0_chart3__r0418	ZSTD	1	0.6
p0_chart4__r0418	ZSTD	1	0.6
p0_chart5__r0418	ZSTD	2	0.6
p0_chart0__r0362	ZSTD	1	0.6
p0_chart1__r0362	ZSTD	1	0.6
p0_chart2__r0362	ZSTD	1	0.5
p0_chart3__r0362	ZSTD	2	0.5
p0_chart4__r0362	ZSTD	2	0.6
p0_chart5__r0362	ZSTD	2	0.6
p0_chart0__r0366	ZSTD	1	0.5
p0_chart1__r0366	ZSTD	1	0.6
p0_chart2__r0366	ZSTD	1	0.6
p0_chart3__r0366	ZSTD	2	0.6
p0_chart4__r0366	ZSTD	2	0.6
p0_chart5__r0366	ZSTD	2	0.5
p0_chart0__r0286	ZSTD	1	0.6
p0_chart1__r0286	ZSTD	1	0.6
p0_chart2__r0286	ZSTD	1	0.6
p0_chart3__r0286	ZSTD	2	0.6
p0_chart4__r0286	ZSTD	2	0.6
p0_chart5__r0286	ZSTD	2	0.6
p0_chart0__r0284	ZSTD	1	0.6
p0_chart0__r0340	ZSTD	1	0.5
p0_chart1__r0284	ZSTD	1	0.6
p0_chart1__r0340	ZSTD	1	0.6
p0_chart2__r0284	ZSTD	1	0.5
p0_chart2__r0340	ZSTD	1	0.6
p0_chart3__r0284	ZSTD	2	0.6
p0_chart3__r0340	ZSTD	2	0.6
p0_chart4__r0284	ZSTD	2	0.6
p0_chart4__r0340	ZSTD	2	0.6
p0_chart5__r0284	ZSTD	2	0.5
p0_chart5__r0340	ZSTD	2	0.6
p0_chart0__r0338	ZSTD	1	0.5
p0_chart1__r0338	ZSTD	1	0.6
p0_chart2__r0338	ZSTD	1	0.6
p0_chart3__r0338	ZSTD	2	0.6
p0_chart4__r0338	ZSTD	2	0.6
p0_chart5__r0338	ZSTD	2	0.5
p0_chart0__r0604	ZSTD	2	0.6
p0_chart1__r0604	ZSTD	2	0.6
p0_chart2__r0604	ZSTD	2	0.6
p0_chart3__r0604	ZSTD	2	0.6
p0_chart4__r0604	ZSTD	2	0.6
p0_chart5__r0604	ZSTD	1	0.6
p0_chart0__r0606	ZSTD	2	0.6
p0_chart1__r0606	ZSTD	2	0.6
p0_chart2__r0606	ZSTD	2	0.6
p0_chart3__r0606	ZSTD	2	0.6
p0_chart4__r0606	ZSTD	2	0.6
p0_chart5__r0606	ZSTD	1	0.5
p0_chart0__r0382	ZSTD	1	0.6
p0_chart1__r0382	ZSTD	2	0.5
p0_chart2__r0382	ZSTD	2	0.6
p0_chart3__r0382	ZSTD	1	0.5
p0_chart4__r0382	ZSTD	1	0.5
p0_chart5__r0382	ZSTD	2	0.5
p0_chart0__r0436	ZSTD	1	0.5
p0_chart0__r0526	ZSTD	2	0.5
p0_chart1__r0436	ZSTD	2	0.5
p0_chart1__r0526	ZSTD	2	0.5
p0_chart2__r0436	ZSTD	2	0.5
p0_chart2__r0526	ZSTD	2	0.5
p0_chart3__r0436	ZSTD	1	0.5
p0_chart3__r0526	ZSTD	2	0.5
p0_chart4__r0436	ZSTD	1	0.5
p0_chart4__r0526	ZSTD	2	0.5
p0_chart5__r0436	ZSTD	2	0.5
p0_chart5__r0526	ZSTD	1	0.5
p0_chart0__r0580	ZSTD	2	0.6
p0_chart1__r0580	ZSTD	2	0.5
p0_chart2__r0580	ZSTD	2	0.6
p0_chart3__r0580	ZSTD	2	0.5
p0_chart4__r0580	ZSTD	2	0.5
p0_chart5__r0580	ZSTD	1	0.5
p0_chart0__r0358	ZSTD	1	0.5
p0_chart1__r0358	ZSTD	1	0.5
p0_chart2__r0358	ZSTD	1	0.5
p0_chart3__r0358	ZSTD	2	0.5
p0_chart4__r0358	ZSTD	2	0.5
p0_chart5__r0358	ZSTD	2	0.5
p0_chart0__r0356	ZSTD	1	0.6
p0_chart1__r0356	ZSTD	1	0.5
p0_chart2__r0356	ZSTD	1	0.5
p0_chart3__r0356	ZSTD	2	0.5
p0_chart4__r0356	ZSTD	2	0.5
p0_chart5__r0356	ZSTD	2	0.5
p0_chart0__r0598	ZSTD	2	0.5
p0_chart1__r0598	ZSTD	2	0.5
p0_chart2__r0598	ZSTD	2	0.5
p0_chart3__r0598	ZSTD	2	0.5
p0_chart4__r0598	ZSTD	2	0.6
p0_chart5__r0598	ZSTD	1	0.5
p0_chart0__r0373	ZSTD	1	0.6
p0_chart1__r0373	ZSTD	1	0.6
p0_chart2__r0373	ZSTD	1	0.6
p0_chart3__r0373	ZSTD	1	0.5
p0_chart4__r0373	ZSTD	1	0.6
p0_chart5__r0373	ZSTD	1	0.5
p0_chart0__r0391	ZSTD	1	0.5
p0_chart1__r0391	ZSTD	2	0.6
p0_chart2__r0391	ZSTD	2	0.6
p0_chart3__r0391	ZSTD	1	0.6
p0_chart4__r0391	ZSTD	1	0.5
p0_chart5__r0391	ZSTD	2	0.5
p0_chart0__r0445	ZSTD	1	0.5
p0_chart1__r0445	ZSTD	2	0.5
p0_chart2__r0445	ZSTD	2	0.5
p0_chart3__r0445	ZSTD	1	0.6
p0_chart4__r0445	ZSTD	1	0.6
p0_chart5__r0445	ZSTD	2	0.5
p0_chart0__r0367	ZSTD	1	0.5
p0_chart1__r0367	ZSTD	1	0.6
p0_chart2__r0367	ZSTD	1	0.6
p0_chart3__r0367	ZSTD	2	0.6
p0_chart4__r0367	ZSTD	2	0.6
p0_chart5__r0367	ZSTD	2	0.5
p0_chart0__r0365	ZSTD	1	0.5
p0_chart1__r0365	ZSTD	1	0.6
p0_chart2__r0365	ZSTD	1	0.5
p0_chart3__r0365	ZSTD	2	0.5
p0_chart4__r0365	ZSTD	2	0.5
p0_chart5__r0365	ZSTD	2	0.5
p0_chart0__r0607	ZSTD	2	0.6
p0_chart1__r0607	ZSTD	2	0.5
p0_chart2__r0607	ZSTD	2	0.5
p0_chart3__r0607	ZSTD	2	0.5
p0_chart4__r0607	ZSTD	2	0.5
p0_chart5__r0607	ZSTD	1	0.5
p0_chart0__r0072	ZSTD	1	0.6
p0_chart1__r0072	ZSTD	2	1.1
p0_chart2__r0072	ZSTD	2	1.1
p0_chart3__r0072	ZSTD	1	0.6
p0_chart4__r0072	ZSTD	1	0.5
p0_chart5__r0072	ZSTD	2	1.1
p0_chart0__r0180	ZSTD	1	0.6
p0_chart1__r0180	ZSTD	2	0.5
p0_chart2__r0180	ZSTD	2	0.5
p0_chart3__r0180	ZSTD	1	0.5
p0_chart4__r0180	ZSTD	1	0.6
p0_chart5__r0180	ZSTD	2	0.5
p0_chart0__r0020	ZSTD	1	0.6
p0_chart1__r0020	ZSTD	1	0.5
p0_chart2__r0020	ZSTD	1	0.5
p0_chart3__r0020	ZSTD	2	1.1
p0_chart4__r0020	ZSTD	2	1.1
p0_chart5__r0020	ZSTD	2	1.1
p0_chart0__r0024	ZSTD	1	0.5
p0_chart1__r0024	ZSTD	1	0.5
p0_chart2__r0024	ZSTD	1	0.5
p0_chart3__r0024	ZSTD	2	1.1
p0_chart4__r0024	ZSTD	2	1.1
p0_chart5__r0024	ZSTD	2	1.1
p0_chart0__r0216	ZSTD	1	0.6
p0_chart1__r0216	ZSTD	1	1.1
p0_chart2__r0216	ZSTD	1	1.1
p0_chart3__r0216	ZSTD	1	0.5
p0_chart4__r0216	ZSTD	1	0.5
p0_chart5__r0216	ZSTD	1	1.1
p0_chart0__r0504	FAIL	0	15.1
p0_chart1__r0504	FAIL	0	120.2
p0_chart2__r0504	ZSTD	2	0.6
p0_chart3__r0504	FAIL	0	120.4
p0_chart4__r0504	ZSTD	2	2.1
p0_chart5__r0504	ZSTD	1	0.6
p0_chart0__r0056	ZSTD	1	0.6
p0_chart1__r0056	ZSTD	2	0.6
p0_chart2__r0056	ZSTD	2	0.5
p0_chart3__r0056	ZSTD	2	0.6
p0_chart4__r0056	ZSTD	2	0.6
p0_chart5__r0056	ZSTD	1	0.6
p0_chart0__r0060	ZSTD	1	0.6
p0_chart1__r0060	FAIL	0	120.4
p0_chart2__r0060	FAIL	0	120.3
p0_chart3__r0060	ZSTD	2	2.1
p0_chart4__r0060	ZSTD	2	2.1
p0_chart5__r0060	ZSTD	2	2.6
p0_chart0__r0164	ZSTD	1	0.5
p0_chart1__r0164	ZSTD	2	104.0
p0_chart2__r0164	ZSTD	2	105.7
p0_chart3__r0164	ZSTD	2	2.6
p0_chart4__r0164	ZSTD	2	3.1
p0_chart5__r0164	ZSTD	2	0.5
p0_chart0__r0168	ZSTD	1	0.5
p0_chart1__r0168	ZSTD	2	1.1
p0_chart2__r0168	ZSTD	2	1.1
p0_chart3__r0168	ZSTD	2	1.1
p0_chart4__r0168	ZSTD	2	1.1
p0_chart5__r0168	ZSTD	1	0.6
p0_chart0__r0008	ZSTD	1	0.5
p0_chart1__r0008	ZSTD	1	0.5
p0_chart2__r0008	ZSTD	1	0.6
p0_chart3__r0008	ZSTD	1	1.1
p0_chart4__r0008	ZSTD	1	1.1
p0_chart5__r0008	ZSTD	1	1.1
p0_chart0__r0540	ZSTD	2	11.5
p0_chart1__r0540	ZSTD	2	22.4
p0_chart2__r0540	ZSTD	1	0.5
p0_chart3__r0540	ZSTD	2	1.1
p0_chart4__r0540	ZSTD	2	0.5
p0_chart5__r0540	ZSTD	2	0.5
p0_chart0__r0648	ZSTD	2	20.3
p0_chart1__r0648	ZSTD	1	0.6
p0_chart2__r0648	ZSTD	2	84.9
p0_chart3__r0648	ZSTD	2	0.5
p0_chart4__r0648	ZSTD	2	1.1
p0_chart5__r0648	ZSTD	2	0.6
p0_chart0__r0488	ZSTD	2	52.0
p0_chart1__r0488	ZSTD	2	1.1
p0_chart2__r0488	ZSTD	2	0.5
p0_chart3__r0488	ZSTD	2	18.2
p0_chart4__r0488	ZSTD	1	0.6
p0_chart5__r0488	ZSTD	2	0.6
p0_chart0__r0492	ZSTD	2	19.3
p0_chart1__r0492	ZSTD	2	0.5
p0_chart2__r0492	ZSTD	2	1.1
p0_chart3__r0492	ZSTD	1	0.5
p0_chart4__r0492	ZSTD	2	20.3
p0_chart5__r0492	ZSTD	2	0.5
p0_chart0__r0153	ZSTD	1	0.5
p0_chart1__r0153	ZSTD	2	0.5
p0_chart2__r0153	ZSTD	2	0.5
p0_chart3__r0153	ZSTD	1	0.5
p0_chart4__r0153	ZSTD	1	0.5
p0_chart5__r0153	ZSTD	2	0.5
p0_chart0__r0207	ZSTD	1	0.5
p0_chart1__r0207	ZSTD	2	0.5
p0_chart2__r0207	ZSTD	2	0.5
p0_chart3__r0207	ZSTD	1	0.5
p0_chart4__r0207	ZSTD	1	0.6
p0_chart5__r0207	ZSTD	2	0.5
p0_chart0__r0073	ZSTD	1	0.5
p0_chart1__r0073	ZSTD	2	0.5
p0_chart2__r0073	ZSTD	2	0.5
p0_chart3__r0073	ZSTD	1	0.5
p0_chart4__r0073	ZSTD	1	0.6
p0_chart5__r0073	ZSTD	2	0.5
p0_chart0__r0075	ZSTD	1	0.5
p0_chart1__r0075	ZSTD	2	0.5
p0_chart2__r0075	ZSTD	2	0.5
p0_chart3__r0075	ZSTD	1	0.5
p0_chart4__r0075	ZSTD	1	0.5
p0_chart5__r0075	ZSTD	2	0.5
p0_chart0__r0181	ZSTD	1	0.5
p0_chart1__r0181	ZSTD	2	0.5
p0_chart2__r0181	ZSTD	2	0.5
p0_chart3__r0181	ZSTD	1	0.5
p0_chart4__r0181	ZSTD	1	0.5
p0_chart5__r0181	ZSTD	2	0.5
p0_chart0__r0183	ZSTD	1	0.5
p0_chart1__r0183	ZSTD	2	0.5
p0_chart2__r0183	ZSTD	2	0.6
p0_chart3__r0183	ZSTD	1	0.5
p0_chart4__r0183	ZSTD	1	0.5
p0_chart5__r0183	ZSTD	2	0.5
p0_chart0__r0047	ZSTD	1	0.5
p0_chart1__r0047	ZSTD	1	0.5
p0_chart2__r0047	ZSTD	1	0.5
p0_chart3__r0047	ZSTD	2	0.5
p0_chart4__r0047	ZSTD	2	0.5
p0_chart5__r0047	ZSTD	2	0.5
p0_chart0__r0101	ZSTD	1	0.5
p0_chart1__r0101	ZSTD	1	0.5
p0_chart2__r0101	ZSTD	1	0.5
p0_chart3__r0101	ZSTD	2	0.5
p0_chart4__r0101	ZSTD	2	0.5
p0_chart5__r0101	ZSTD	2	0.5
p0_chart0__r0051	ZSTD	1	0.5
p0_chart1__r0051	ZSTD	1	0.5
p0_chart2__r0051	ZSTD	1	0.6
p0_chart3__r0051	ZSTD	2	0.5
p0_chart4__r0051	ZSTD	2	0.5
p0_chart5__r0051	ZSTD	2	0.5
p0_chart0__r0105	ZSTD	1	0.5
p0_chart1__r0105	ZSTD	1	0.5
p0_chart2__r0105	ZSTD	1	0.5
p0_chart3__r0105	ZSTD	2	0.5
p0_chart4__r0105	ZSTD	2	0.5
p0_chart5__r0105	ZSTD	2	0.5
p0_chart0__r0025	ZSTD	1	0.5
p0_chart1__r0025	ZSTD	1	0.5
p0_chart2__r0025	ZSTD	1	0.5
p0_chart3__r0025	ZSTD	2	0.6
p0_chart4__r0025	ZSTD	2	0.5
p0_chart5__r0025	ZSTD	2	0.5
p0_chart0__r0023	ZSTD	1	0.6
p0_chart1__r0023	ZSTD	1	0.5
p0_chart2__r0023	ZSTD	1	0.5
p0_chart3__r0023	ZSTD	2	0.5
p0_chart4__r0023	ZSTD	2	0.5
p0_chart5__r0023	ZSTD	2	0.5
p0_chart1__r0054_N	ZSTD	1	0.5
p0_chart2__r0054_N	ZSTD	1	0.5
p0_chart5__r0054_N	ZSTD	1	0.5
p0_chart1__r0162_N	ZSTD	1	0.5
p0_chart2__r0162_N	ZSTD	1	0.5
p0_chart5__r0162_N	ZSTD	1	0.6
p0_chart3__r0002_N	ZSTD	1	0.6
p0_chart4__r0002_N	ZSTD	1	0.6
p0_chart5__r0002_N	ZSTD	1	0.6
p0_chart3__r0006_N	ZSTD	1	0.5
p0_chart4__r0006_N	ZSTD	1	0.6
p0_chart5__r0006_N	ZSTD	1	0.6
p0_chart0__r0225	ZSTD	1	0.5
p0_chart1__r0225	ZSTD	1	0.5
p0_chart2__r0225	ZSTD	1	0.6
p0_chart3__r0225	ZSTD	1	0.6
p0_chart4__r0225	ZSTD	1	0.5
p0_chart5__r0225	ZSTD	1	0.6
p0_chart0__r0315	ZSTD	1	0.6
p0_chart1__r0315	ZSTD	2	0.5
p0_chart2__r0315	ZSTD	2	0.6
p0_chart3__r0315	ZSTD	1	0.6
p0_chart4__r0315	ZSTD	1	0.5
p0_chart5__r0315	ZSTD	2	0.6
p0_chart0__r0423	ZSTD	1	0.6
p0_chart1__r0423	ZSTD	2	0.5
p0_chart2__r0423	ZSTD	2	0.6
p0_chart3__r0423	ZSTD	1	0.5
p0_chart4__r0423	ZSTD	1	0.5
p0_chart5__r0423	ZSTD	2	0.5
p0_chart0__r0065	ZSTD	1	0.5
p0_chart1__r0065	ZSTD	2	0.5
p0_chart2__r0065	ZSTD	2	0.6
p0_chart3__r0065	ZSTD	2	0.5
p0_chart4__r0065	ZSTD	2	0.6
p0_chart5__r0065	ZSTD	1	0.6
p0_chart0__r0069	ZSTD	1	0.6
p0_chart1__r0069	ZSTD	2	0.6
p0_chart2__r0069	ZSTD	2	0.6
p0_chart3__r0069	ZSTD	2	0.6
p0_chart4__r0069	ZSTD	2	0.6
p0_chart5__r0069	ZSTD	2	0.6
p0_chart0__r0173	ZSTD	1	0.6
p0_chart1__r0173	ZSTD	2	0.6
p0_chart2__r0173	ZSTD	2	0.6
p0_chart3__r0173	ZSTD	2	0.5
p0_chart4__r0173	ZSTD	2	0.6
p0_chart5__r0173	ZSTD	2	0.6
p0_chart0__r0177	ZSTD	1	0.5
p0_chart0__r0263	ZSTD	1	0.6
p0_chart1__r0177	ZSTD	2	0.6
p0_chart1__r0263	ZSTD	1	0.6
p0_chart2__r0177	ZSTD	2	0.6
p0_chart2__r0263	ZSTD	1	0.6
p0_chart3__r0177	ZSTD	2	0.5
p0_chart3__r0263	ZSTD	2	0.6
p0_chart4__r0177	ZSTD	2	0.5
p0_chart4__r0263	ZSTD	2	0.6
p0_chart5__r0177	ZSTD	1	0.5
p0_chart5__r0263	ZSTD	2	0.6
p0_chart0__r0267	ZSTD	1	0.5
p0_chart1__r0267	ZSTD	1	0.6
p0_chart2__r0267	ZSTD	1	0.6
p0_chart3__r0267	ZSTD	2	0.6
p0_chart4__r0267	ZSTD	2	0.6
p0_chart5__r0267	ZSTD	2	0.6
p0_chart0__r0017	ZSTD	1	0.6
p0_chart1__r0017	ZSTD	1	0.5
p0_chart2__r0017	ZSTD	1	0.5
p0_chart3__r0017	ZSTD	1	0.5
p0_chart4__r0017	ZSTD	1	0.5
p0_chart5__r0017	ZSTD	1	0.5
p0_chart0__r0217	ZSTD	1	0.6
p0_chart1__r0217	ZSTD	1	0.6
p0_chart2__r0217	ZSTD	1	0.6
p0_chart3__r0217	ZSTD	1	0.6
p0_chart4__r0217	ZSTD	1	0.6
p0_chart5__r0217	ZSTD	1	0.6
p0_chart0__r0531	ZSTD	2	0.5
p0_chart1__r0531	ZSTD	2	0.6
p0_chart2__r0531	ZSTD	2	0.5
p0_chart3__r0531	ZSTD	2	0.6
p0_chart4__r0531	ZSTD	2	0.6
p0_chart5__r0531	ZSTD	1	0.6
p0_chart0__r0585	ZSTD	2	0.5
p0_chart1__r0585	ZSTD	2	0.6
p0_chart2__r0585	ZSTD	2	0.6
p0_chart3__r0585	ZSTD	2	0.5
p0_chart4__r0585	ZSTD	2	0.5
p0_chart5__r0585	ZSTD	1	0.6
p0_chart0__r0219	ZSTD	1	0.5
p0_chart1__r0219	ZSTD	1	0.5
p0_chart2__r0219	ZSTD	1	0.5
p0_chart3__r0219	ZSTD	1	0.5
p0_chart4__r0219	ZSTD	1	0.5
p0_chart5__r0219	ZSTD	1	0.5
p0_chart0__r0505	ZSTD	2	0.6
p0_chart1__r0505	ZSTD	2	0.6
p0_chart2__r0505	ZSTD	2	0.5
p0_chart3__r0505	ZSTD	2	0.6
p0_chart4__r0505	ZSTD	2	0.5
p0_chart5__r0505	ZSTD	1	0.6
p0_chart0__r0507	ZSTD	2	0.5
p0_chart1__r0507	ZSTD	2	0.6
p0_chart2__r0507	ZSTD	2	0.6
p0_chart3__r0507	ZSTD	2	0.6
p0_chart4__r0507	ZSTD	2	0.5
p0_chart5__r0507	ZSTD	1	0.5
p0_chart0__r0137	ZSTD	1	0.6
p0_chart1__r0137	ZSTD	2	0.6
p0_chart2__r0137	ZSTD	2	0.5
p0_chart3__r0137	ZSTD	2	0.5
p0_chart4__r0137	ZSTD	2	0.6
p0_chart5__r0137	ZSTD	1	0.6
p0_chart0__r0141	ZSTD	1	0.5
p0_chart1__r0141	ZSTD	2	0.6
p0_chart2__r0141	ZSTD	2	0.6
p0_chart3__r0141	ZSTD	2	0.6
p0_chart4__r0141	ZSTD	2	0.6
p0_chart5__r0141	ZSTD	2	0.6
p0_chart0__r0191	ZSTD	1	0.6
p0_chart1__r0191	ZSTD	2	0.6
p0_chart2__r0191	ZSTD	2	0.6
p0_chart3__r0191	ZSTD	2	0.6
p0_chart4__r0191	ZSTD	2	0.5
p0_chart5__r0191	ZSTD	2	0.5
p0_chart0__r0195	ZSTD	1	0.6
p0_chart1__r0195	ZSTD	2	0.6
p0_chart2__r0195	ZSTD	2	0.6
p0_chart3__r0195	ZSTD	2	0.5
p0_chart4__r0195	ZSTD	2	0.5
p0_chart5__r0195	ZSTD	1	0.5
p0_chart0__r0061	ZSTD	1	0.6
p0_chart1__r0061	ZSTD	2	0.6
p0_chart2__r0061	ZSTD	2	0.6
p0_chart3__r0061	ZSTD	2	0.6
p0_chart4__r0061	ZSTD	2	0.6
p0_chart5__r0061	ZSTD	2	0.5
p0_chart0__r0059	ZSTD	1	0.6
p0_chart1__r0059	ZSTD	2	0.6
p0_chart2__r0059	ZSTD	2	0.5
p0_chart3__r0059	ZSTD	2	0.6
p0_chart4__r0059	ZSTD	2	0.6
p0_chart5__r0059	ZSTD	1	0.6
p0_chart0__r0169	ZSTD	1	0.6
p0_chart1__r0169	ZSTD	2	0.5
p0_chart2__r0169	ZSTD	2	0.5
p0_chart3__r0169	ZSTD	2	0.5
p0_chart4__r0169	ZSTD	2	0.6
p0_chart5__r0169	ZSTD	1	0.5
p0_chart0__r0167	ZSTD	1	0.6
p0_chart1__r0167	ZSTD	2	0.6
p0_chart2__r0167	ZSTD	2	0.6
p0_chart3__r0167	ZSTD	2	0.6
p0_chart4__r0167	ZSTD	2	0.5
p0_chart5__r0167	ZSTD	2	0.6
p0_chart0__r0486_N	ZSTD	3	0.5
p0_chart1__r0486_N	ZSTD	3	0.6
p0_chart2__r0486_N	ZSTD	3	0.6
p0_chart3__r0486_N	ZSTD	3	0.5
p0_chart4__r0486_N	ZSTD	3	0.6
p0_chart0__r0035	ZSTD	1	0.6
p0_chart1__r0035	ZSTD	1	0.5
p0_chart2__r0035	ZSTD	1	0.6
p0_chart3__r0035	ZSTD	1	0.5
p0_chart4__r0035	ZSTD	1	0.6
p0_chart5__r0035	ZSTD	1	0.6
p0_chart0__r0089	ZSTD	1	0.6
p0_chart1__r0089	ZSTD	1	0.6
p0_chart2__r0089	ZSTD	1	0.6
p0_chart3__r0089	ZSTD	1	0.6
p0_chart4__r0089	ZSTD	1	0.6
p0_chart5__r0089	ZSTD	1	0.6
p0_chart0__r0459	ZSTD	1	0.5
p0_chart0__r0549	ZSTD	2	0.6
p0_chart1__r0459	ZSTD	1	0.6
p0_chart1__r0549	ZSTD	2	0.6
p0_chart2__r0459	ZSTD	1	0.5
p0_chart2__r0549	ZSTD	1	0.6
p0_chart3__r0459	ZSTD	1	0.6
p0_chart3__r0549	ZSTD	2	0.5
p0_chart4__r0459	ZSTD	1	0.5
p0_chart4__r0549	ZSTD	2	0.6
p0_chart5__r0459	ZSTD	1	0.6
p0_chart5__r0549	ZSTD	2	0.5
p0_chart0__r0657	ZSTD	2	1.1
p0_chart1__r0657	ZSTD	1	0.6
p0_chart2__r0657	ZSTD	2	1.1
p0_chart3__r0657	ZSTD	2	0.5
p0_chart4__r0657	ZSTD	2	0.5
p0_chart5__r0657	ZSTD	2	0.6
p0_chart0__r0299	ZSTD	1	0.6
p0_chart1__r0299	FAIL	0	19.3
p0_chart2__r0299	ZSTD	2	1.1
p0_chart3__r0299	FAIL	0	19.3
p0_chart4__r0299	ZSTD	2	1.0
p0_chart5__r0299	ZSTD	1	1.0
p0_chart0__r0303	ZSTD	1	1.0
p0_chart1__r0303	ZSTD	2	1.0
p0_chart2__r0303	ZSTD	2	1.0
p0_chart3__r0303	ZSTD	2	1.0
p0_chart4__r0303	ZSTD	2	1.0
p0_chart5__r0303	ZSTD	2	1.0
p0_chart0__r0407	ZSTD	1	1.0
p0_chart0__r0497	ZSTD	2	1.0
p0_chart1__r0407	ZSTD	2	1.0
p0_chart1__r0497	ZSTD	2	1.0
p0_chart2__r0407	ZSTD	2	1.0
p0_chart2__r0497	ZSTD	2	1.0
p0_chart3__r0407	ZSTD	2	1.0
p0_chart3__r0497	ZSTD	2	1.0
p0_chart4__r0407	ZSTD	2	1.0
p0_chart4__r0497	ZSTD	1	1.0
p0_chart5__r0407	ZSTD	2	1.0
p0_chart5__r0497	ZSTD	2	1.0
p0_chart0__r0411	ZSTD	1	11.2
p0_chart0__r0501	ZSTD	2	1.0
p0_chart1__r0411	ZSTD	2	1.0
p0_chart1__r0501	ZSTD	2	1.0
p0_chart2__r0411	ZSTD	2	10.1
p0_chart2__r0501	ZSTD	2	1.0
p0_chart3__r0411	ZSTD	2	1.0
p0_chart3__r0501	ZSTD	1	1.0
p0_chart4__r0411	ZSTD	2	11.1
p0_chart4__r0501	ZSTD	2	1.0
p0_chart5__r0411	ZSTD	1	1.0
p0_chart5__r0501	ZSTD	2	1.0
p0_chart0__r0251	ZSTD	1	1.0
p0_chart1__r0251	ZSTD	1	1.0
p0_chart2__r0251	ZSTD	1	1.0
p0_chart3__r0251	ZSTD	1	1.0
p0_chart4__r0251	ZSTD	1	1.0
p0_chart5__r0251	ZSTD	1	1.0
p0_chart0__r0621	ZSTD	2	1.0
p0_chart1__r0621	ZSTD	2	1.0
p0_chart2__r0621	ZSTD	1	1.0
p0_chart3__r0621	ZSTD	2	1.0
p0_chart4__r0621	ZSTD	2	1.0
p0_chart5__r0621	ZSTD	2	1.0
p0_chart0__r0675	ZSTD	2	1.0
p0_chart1__r0675	ZSTD	1	1.0
p0_chart2__r0675	ZSTD	2	1.0
p0_chart3__r0675	ZSTD	2	1.0
p0_chart4__r0675	ZSTD	2	1.0
p0_chart5__r0675	ZSTD	2	1.0
p0_chart0__r0541	ZSTD	2	1.0
p0_chart1__r0541	ZSTD	2	3.1
p0_chart2__r0541	ZSTD	1	1.0
p0_chart3__r0541	ZSTD	2	1.0
p0_chart4__r0541	ZSTD	2	1.0
p0_chart5__r0541	ZSTD	2	1.0
p0_chart0__r0543	ZSTD	2	1.0
p0_chart1__r0543	ZSTD	2	1.0
p0_chart2__r0543	ZSTD	1	1.0
p0_chart3__r0543	ZSTD	2	1.0
p0_chart4__r0543	ZSTD	2	1.0
p0_chart5__r0543	ZSTD	2	1.0
p0_chart0__r0649	ZSTD	2	1.0
p0_chart1__r0649	ZSTD	1	1.0
p0_chart2__r0649	ZSTD	2	1.0
p0_chart3__r0649	ZSTD	2	1.0
p0_chart4__r0649	ZSTD	2	1.0
p0_chart5__r0649	ZSTD	2	1.0
p0_chart0__r0651	ZSTD	2	2.0
p0_chart1__r0651	ZSTD	1	1.0
p0_chart2__r0651	ZSTD	2	2.0
p0_chart3__r0651	ZSTD	2	1.0
p0_chart4__r0651	ZSTD	2	1.0
p0_chart5__r0651	ZSTD	2	1.0
p0_chart0__r0515	ZSTD	2	2.0
p0_chart1__r0515	ZSTD	2	1.0
p0_chart2__r0515	ZSTD	2	1.0
p0_chart3__r0515	ZSTD	2	2.0
p0_chart4__r0515	ZSTD	1	1.0
p0_chart5__r0515	ZSTD	2	1.0
p0_chart0__r0569	ZSTD	2	1.0
p0_chart1__r0569	ZSTD	2	1.0
p0_chart2__r0569	ZSTD	2	1.0
p0_chart3__r0569	ZSTD	2	1.0
p0_chart4__r0569	ZSTD	1	1.0
p0_chart5__r0569	ZSTD	2	1.0
p0_chart0__r0519	ZSTD	2	1.0
p0_chart1__r0519	ZSTD	2	1.0
p0_chart2__r0519	ZSTD	2	1.0
p0_chart3__r0519	ZSTD	1	1.0
p0_chart4__r0519	ZSTD	2	1.0
p0_chart5__r0519	ZSTD	2	1.0
p0_chart0__r0573	ZSTD	2	1.0
p0_chart1__r0573	ZSTD	2	1.0
p0_chart2__r0573	ZSTD	2	1.0
p0_chart3__r0573	ZSTD	1	1.0
p0_chart4__r0573	ZSTD	2	1.0
p0_chart5__r0573	ZSTD	2	1.0
p0_chart0__r0493	ZSTD	2	1.0
p0_chart1__r0493	ZSTD	2	1.0
p0_chart2__r0493	ZSTD	2	1.1
p0_chart3__r0493	ZSTD	1	1.0
p0_chart4__r0493	ZSTD	2	1.0
p0_chart5__r0493	ZSTD	2	1.0
p0_chart0__r0491	ZSTD	2	1.0
p0_chart1__r0491	ZSTD	2	1.0
p0_chart2__r0491	ZSTD	2	1.0
p0_chart3__r0491	ZSTD	2	1.0
p0_chart4__r0491	ZSTD	1	1.0
p0_chart5__r0491	ZSTD	2	1.0
p0_chart0__r0154	ZSTD	1	1.0
p0_chart1__r0154	ZSTD	2	1.0
p0_chart2__r0154	ZSTD	2	1.0
p0_chart3__r0154	ZSTD	1	1.0
p0_chart4__r0154	ZSTD	1	1.0
p0_chart5__r0154	ZSTD	2	1.0
p0_chart0__r0156	ZSTD	1	1.0
p0_chart0__r0208	ZSTD	1	1.0
p0_chart1__r0156	ZSTD	2	1.0
p0_chart1__r0208	ZSTD	2	1.0
p0_chart2__r0156	ZSTD	2	1.0
p0_chart2__r0208	ZSTD	2	1.0
p0_chart3__r0156	ZSTD	1	1.0
p0_chart3__r0208	ZSTD	1	1.0
p0_chart4__r0156	ZSTD	1	1.0
p0_chart4__r0208	ZSTD	1	1.0
p0_chart5__r0156	ZSTD	2	1.0
p0_chart5__r0208	ZSTD	2	1.0
p0_chart0__r0210	ZSTD	1	1.0
p0_chart1__r0210	ZSTD	2	1.0
p0_chart2__r0210	ZSTD	2	1.0
p0_chart3__r0210	ZSTD	1	1.0
p0_chart4__r0210	ZSTD	1	1.0
p0_chart5__r0210	ZSTD	2	1.0
p0_chart0__r0076	ZSTD	1	1.0
p0_chart1__r0076	ZSTD	2	1.0
p0_chart2__r0076	ZSTD	2	1.0
p0_chart3__r0076	ZSTD	1	1.0
p0_chart4__r0076	ZSTD	1	1.0
p0_chart5__r0076	ZSTD	2	1.0
p0_chart0__r0184	ZSTD	1	1.0
p0_chart1__r0184	ZSTD	2	1.0
p0_chart2__r0184	ZSTD	2	1.0
p0_chart3__r0184	ZSTD	1	1.0
p0_chart4__r0184	ZSTD	1	1.0
p0_chart5__r0184	ZSTD	2	1.0
p0_chart0__r0128	ZSTD	1	1.0
p0_chart1__r0128	ZSTD	1	1.0
p0_chart2__r0128	ZSTD	1	1.0
p0_chart3__r0128	ZSTD	2	1.0
p0_chart4__r0128	ZSTD	2	1.0
p0_chart5__r0128	ZSTD	2	1.1
p0_chart0__r0132	ZSTD	1	1.0
p0_chart1__r0132	ZSTD	1	1.0
p0_chart2__r0132	ZSTD	1	1.0
p0_chart3__r0132	ZSTD	2	1.0
p0_chart4__r0132	ZSTD	2	1.1
p0_chart5__r0132	ZSTD	2	1.0
p0_chart0__r0052	ZSTD	1	1.0
p0_chart1__r0052	ZSTD	1	1.0
p0_chart2__r0052	ZSTD	1	1.0
p0_chart3__r0052	ZSTD	2	1.0
p0_chart4__r0052	ZSTD	2	1.0
p0_chart5__r0052	ZSTD	2	1.0
p0_chart0__r0050	ZSTD	1	1.0
p0_chart0__r0106	ZSTD	1	1.0
p0_chart1__r0050	ZSTD	1	1.0
p0_chart1__r0106	ZSTD	1	1.0
p0_chart2__r0050	ZSTD	1	1.0
p0_chart2__r0106	ZSTD	1	1.0
p0_chart3__r0050	ZSTD	2	1.1
p0_chart3__r0106	ZSTD	2	1.0
p0_chart4__r0050	ZSTD	2	1.0
p0_chart4__r0106	ZSTD	2	1.0
p0_chart5__r0050	ZSTD	2	1.0
p0_chart5__r0106	ZSTD	2	1.0
p0_chart0__r0104	ZSTD	1	1.0
p0_chart1__r0104	ZSTD	1	1.0
p0_chart2__r0104	ZSTD	1	1.0
p0_chart3__r0104	ZSTD	2	1.0
p0_chart4__r0104	ZSTD	2	1.0
p0_chart5__r0104	ZSTD	2	1.0
